Workbook

Sheet Summary
A1: SLIMS gap analysis — FRD-GSL-001 v1.0 against the current build
A2: Assessed 2026-09-18 · static code review of every requirement + live acceptance run · all figures are formulas over the other sheets
A4: Headline | B4: Requirements | C4: Met | D4: Partially met | E4: Not met | F4: Readiness | G4: Must-have readiness | I4: Acceptance tests (30) | J4: Count
A5: All FRD requirements | B5: =COUNTA('Gap Register'!$G$5:$G$126) -> 122 | C5: =COUNTIF('Gap Register'!$G$5:$G$126,"Met") -> 72 | D5: =COUNTIF('Gap Register'!$G$5:$G$126,"Partially met") -> 50 | E5: =COUNTIF('Gap Register'!$G$5:$G$126,"Not met") -> 0 | F5: =IFERROR((C5+Legend!$B$34*D5)/B5,0) -> 0.79508197 | G5: =IFERROR((COUNTIFS('Gap Register'!$E$5:$E$126,"M",'Gap Register'!$G$5:$G$126,"Met")+Legend!$B$34*COUNTIFS('Gap Register'!$E$5:$E$126,"M",'Gap Register'!$G$5:$G$126,"Partially met"))/COUNTIF('Gap Register'!$E$5:$E$126,"M"),0) -> 0.77227723 | I5: PASS | J5: =COUNTIF('Test Results'!$F$5:$F$34,"PASS") -> 21
A6: Readiness weights a Partially met requirement at the value set on the Legend sheet. | I6: PASS* | J6: =COUNTIF('Test Results'!$F$5:$F$34,"PASS~*") -> 5
I7: PARTIAL | J7: =COUNTIF('Test Results'!$F$5:$F$34,"PARTIAL") -> 4
A8: Module | B8: Requirements | C8: Met | D8: Partially met | E8: Not met | F8: % met | G8: Readiness | I8: NOT BUILT | J8: =COUNTIF('Test Results'!$F$5:$F$34,"NOT BUILT") -> 0
A9: Master Data | B9: =COUNTIF('Gap Register'!$B$5:$B$126,A9) -> 20 | C9: =COUNTIFS('Gap Register'!$B$5:$B$126,$A9,'Gap Register'!$G$5:$G$126,"Met") -> 10 | D9: =COUNTIFS('Gap Register'!$B$5:$B$126,$A9,'Gap Register'!$G$5:$G$126,"Partially met") -> 10 | E9: =COUNTIFS('Gap Register'!$B$5:$B$126,$A9,'Gap Register'!$G$5:$G$126,"Not met") -> 0 | F9: =IFERROR(C9/B9,0) -> 0.5 | G9: =IFERROR((C9+Legend!$B$34*D9)/B9,0) -> 0.75 | I9: FAIL | J9: =COUNTIF('Test Results'!$F$5:$F$34,"FAIL") -> 0
A10: Inventory & Stores | B10: =COUNTIF('Gap Register'!$B$5:$B$126,A10) -> 39 | C10: =COUNTIFS('Gap Register'!$B$5:$B$126,$A10,'Gap Register'!$G$5:$G$126,"Met") -> 26 | D10: =COUNTIFS('Gap Register'!$B$5:$B$126,$A10,'Gap Register'!$G$5:$G$126,"Partially met") -> 13 | E10: =COUNTIFS('Gap Register'!$B$5:$B$126,$A10,'Gap Register'!$G$5:$G$126,"Not met") -> 0 | F10: =IFERROR(C10/B10,0) -> 0.66666667 | G10: =IFERROR((C10+Legend!$B$34*D10)/B10,0) -> 0.83333333 | I10: Total | J10: =SUM(J5:J9) -> 30
A11: Requisition & Workflow | B11: =COUNTIF('Gap Register'!$B$5:$B$126,A11) -> 14 | C11: =COUNTIFS('Gap Register'!$B$5:$B$126,$A11,'Gap Register'!$G$5:$G$126,"Met") -> 9 | D11: =COUNTIFS('Gap Register'!$B$5:$B$126,$A11,'Gap Register'!$G$5:$G$126,"Partially met") -> 5 | E11: =COUNTIFS('Gap Register'!$B$5:$B$126,$A11,'Gap Register'!$G$5:$G$126,"Not met") -> 0 | F11: =IFERROR(C11/B11,0) -> 0.64285714 | G11: =IFERROR((C11+Legend!$B$34*D11)/B11,0) -> 0.82142857
A12: Field Installation | B12: =COUNTIF('Gap Register'!$B$5:$B$126,A12) -> 14 | C12: =COUNTIFS('Gap Register'!$B$5:$B$126,$A12,'Gap Register'!$G$5:$G$126,"Met") -> 9 | D12: =COUNTIFS('Gap Register'!$B$5:$B$126,$A12,'Gap Register'!$G$5:$G$126,"Partially met") -> 5 | E12: =COUNTIFS('Gap Register'!$B$5:$B$126,$A12,'Gap Register'!$G$5:$G$126,"Not met") -> 0 | F12: =IFERROR(C12/B12,0) -> 0.64285714 | G12: =IFERROR((C12+Legend!$B$34*D12)/B12,0) -> 0.82142857 | I12: Defects (gap analysis) | J12: Count
A13: Exception Management | B13: =COUNTIF('Gap Register'!$B$5:$B$126,A13) -> 11 | C13: =COUNTIFS('Gap Register'!$B$5:$B$126,$A13,'Gap Register'!$G$5:$G$126,"Met") -> 6 | D13: =COUNTIFS('Gap Register'!$B$5:$B$126,$A13,'Gap Register'!$G$5:$G$126,"Partially met") -> 5 | E13: =COUNTIFS('Gap Register'!$B$5:$B$126,$A13,'Gap Register'!$G$5:$G$126,"Not met") -> 0 | F13: =IFERROR(C13/B13,0) -> 0.54545455 | G13: =IFERROR((C13+Legend!$B$34*D13)/B13,0) -> 0.77272727 | I13: Fixed | J13: =COUNTIF(Defects!$F$5:$F$10,"Fixed") -> 6
A14: Reporting & Dashboards | B14: =COUNTIF('Gap Register'!$B$5:$B$126,A14) -> 10 | C14: =COUNTIFS('Gap Register'!$B$5:$B$126,$A14,'Gap Register'!$G$5:$G$126,"Met") -> 4 | D14: =COUNTIFS('Gap Register'!$B$5:$B$126,$A14,'Gap Register'!$G$5:$G$126,"Partially met") -> 6 | E14: =COUNTIFS('Gap Register'!$B$5:$B$126,$A14,'Gap Register'!$G$5:$G$126,"Not met") -> 0 | F14: =IFERROR(C14/B14,0) -> 0.4 | G14: =IFERROR((C14+Legend!$B$34*D14)/B14,0) -> 0.7 | I14: Still open | J14: =COUNTIF(Defects!$F$5:$F$10,"Open") -> 0
A15: Notifications & Alerts | B15: =COUNTIF('Gap Register'!$B$5:$B$126,A15) -> 5 | C15: =COUNTIFS('Gap Register'!$B$5:$B$126,$A15,'Gap Register'!$G$5:$G$126,"Met") -> 5 | D15: =COUNTIFS('Gap Register'!$B$5:$B$126,$A15,'Gap Register'!$G$5:$G$126,"Partially met") -> 0 | E15: =COUNTIFS('Gap Register'!$B$5:$B$126,$A15,'Gap Register'!$G$5:$G$126,"Not met") -> 0 | F15: =IFERROR(C15/B15,0) -> 1 | G15: =IFERROR((C15+Legend!$B$34*D15)/B15,0) -> 1 | I15: Total | J15: =SUM(J13:J14) -> 6
A16: Security, Access & Audit | B16: =COUNTIF('Gap Register'!$B$5:$B$126,A16) -> 9 | C16: =COUNTIFS('Gap Register'!$B$5:$B$126,$A16,'Gap Register'!$G$5:$G$126,"Met") -> 3 | D16: =COUNTIFS('Gap Register'!$B$5:$B$126,$A16,'Gap Register'!$G$5:$G$126,"Partially met") -> 6 | E16: =COUNTIFS('Gap Register'!$B$5:$B$126,$A16,'Gap Register'!$G$5:$G$126,"Not met") -> 0 | F16: =IFERROR(C16/B16,0) -> 0.33333333 | G16: =IFERROR((C16+Legend!$B$34*D16)/B16,0) -> 0.66666667
A17: Total | B17: =SUM(B9:B16) -> 122 | C17: =SUM(C9:C16) -> 72 | D17: =SUM(D9:D16) -> 50 | E17: =SUM(E9:E16) -> 0 | F17: =IFERROR(C17/B17,0) -> 0.59016393 | G17: =IFERROR((C17+Legend!$B$34*D17)/B17,0) -> 0.79508197 | I17: Other coverage — met | J17: Met / total
I18: Business rules | J18: =COUNTIF('Rules & Reports'!$C$6:$C$38,"Met")&" / "&COUNTA('Rules & Reports'!$C$6:$C$38) -> 30 / 33
A19: Priority | B19: Requirements | C19: Met | D19: Partially met | E19: Not met | F19: % met | G19: Readiness | I19: Reports | J19: =COUNTIF('Rules & Reports'!$C$42:$C$61,"Met")&" / "&COUNTA('Rules & Reports'!$C$42:$C$61) -> 13 / 20
A20: M — Must have | B20: =COUNTIF('Gap Register'!$E$5:$E$126,"M") -> 101 | C20: =COUNTIFS('Gap Register'!$E$5:$E$126,"M",'Gap Register'!$G$5:$G$126,"Met") -> 55 | D20: =COUNTIFS('Gap Register'!$E$5:$E$126,"M",'Gap Register'!$G$5:$G$126,"Partially met") -> 46 | E20: =COUNTIFS('Gap Register'!$E$5:$E$126,"M",'Gap Register'!$G$5:$G$126,"Not met") -> 0 | F20: =IFERROR(C20/B20,0) -> 0.54455446 | G20: =IFERROR((C20+Legend!$B$34*D20)/B20,0) -> 0.77227723 | I20: Notifications | J20: =COUNTIF('Rules & Reports'!$C$65:$C$81,"Met")&" / "&COUNTA('Rules & Reports'!$C$65:$C$81) -> 17 / 17
A21: S — Should have | B21: =COUNTIF('Gap Register'!$E$5:$E$126,"S") -> 20 | C21: =COUNTIFS('Gap Register'!$E$5:$E$126,"S",'Gap Register'!$G$5:$G$126,"Met") -> 16 | D21: =COUNTIFS('Gap Register'!$E$5:$E$126,"S",'Gap Register'!$G$5:$G$126,"Partially met") -> 4 | E21: =COUNTIFS('Gap Register'!$E$5:$E$126,"S",'Gap Register'!$G$5:$G$126,"Not met") -> 0 | F21: =IFERROR(C21/B21,0) -> 0.8 | G21: =IFERROR((C21+Legend!$B$34*D21)/B21,0) -> 0.9
A22: C — Could have | B22: =COUNTIF('Gap Register'!$E$5:$E$126,"C") -> 1 | C22: =COUNTIFS('Gap Register'!$E$5:$E$126,"C",'Gap Register'!$G$5:$G$126,"Met") -> 1 | D22: =COUNTIFS('Gap Register'!$E$5:$E$126,"C",'Gap Register'!$G$5:$G$126,"Partially met") -> 0 | E22: =COUNTIFS('Gap Register'!$E$5:$E$126,"C",'Gap Register'!$G$5:$G$126,"Not met") -> 0 | F22: =IFERROR(C22/B22,0) -> 1 | G22: =IFERROR((C22+Legend!$B$34*D22)/B22,0) -> 1 | I22: Deployment check (LAN) | J22: Checks
I23: Met | J23: =COUNTIF('Deployment Check'!$E$5:$E$20,"Met") -> 7
I24: Fixed | J24: =COUNTIF('Deployment Check'!$E$5:$E$20,"Fixed") -> 2
A25: Remediation wave | B25: Work packages | C25: Est. person-days | D25: Open requirements addressed | I25: To verify | J25: =COUNTIF('Deployment Check'!$E$5:$E$20,"To verify") -> 1
A26: Wave 0 — Fix now | B26: =COUNTIF('Remediation Plan'!$B$5:$B$17,A26) -> 1 | C26: =SUMIF('Remediation Plan'!$B$5:$B$17,A26,'Remediation Plan'!$F$5:$F$17) -> 5 | D26: =SUMIF('Remediation Plan'!$B$5:$B$17,A26,'Remediation Plan'!$G$5:$G$17) -> 5 | I26: Risk | J26: =COUNTIF('Deployment Check'!$E$5:$E$20,"Risk") -> 1
A27: Wave 1 — Align | B27: =COUNTIF('Remediation Plan'!$B$5:$B$17,A27) -> 7 | C27: =SUMIF('Remediation Plan'!$B$5:$B$17,A27,'Remediation Plan'!$F$5:$F$17) -> 50 | D27: =SUMIF('Remediation Plan'!$B$5:$B$17,A27,'Remediation Plan'!$G$5:$G$17) -> 31 | I27: Not tested | J27: =COUNTIF('Deployment Check'!$E$5:$E$20,"Not tested") -> 1
A28: Wave 2 — Field app | B28: =COUNTIF('Remediation Plan'!$B$5:$B$17,A28) -> 2 | C28: =SUMIF('Remediation Plan'!$B$5:$B$17,A28,'Remediation Plan'!$F$5:$F$17) -> 25 | D28: =SUMIF('Remediation Plan'!$B$5:$B$17,A28,'Remediation Plan'!$G$5:$G$17) -> 5 | I28: Not met | J28: =COUNTIF('Deployment Check'!$E$5:$E$20,"Not met") -> 4
A29: Wave 3 — Stock control | B29: =COUNTIF('Remediation Plan'!$B$5:$B$17,A29) -> 1 | C29: =SUMIF('Remediation Plan'!$B$5:$B$17,A29,'Remediation Plan'!$F$5:$F$17) -> 20 | D29: =SUMIF('Remediation Plan'!$B$5:$B$17,A29,'Remediation Plan'!$G$5:$G$17) -> 2 | I29: Blocked | J29: =COUNTIF('Deployment Check'!$E$5:$E$20,"Blocked") -> 0
A30: Wave 4 — Notify & report | B30: =COUNTIF('Remediation Plan'!$B$5:$B$17,A30) -> 2 | C30: =SUMIF('Remediation Plan'!$B$5:$B$17,A30,'Remediation Plan'!$F$5:$F$17) -> 20 | D30: =SUMIF('Remediation Plan'!$B$5:$B$17,A30,'Remediation Plan'!$G$5:$G$17) -> 7 | I30: Total | J30: =SUM(J23:J29) -> 16
A31: Total | B31: =SUM(B26:B30) -> 13 | C31: =SUM(C26:C30) -> 120 | D31: =SUM(D26:D30) -> 50
A32: Person-days are planning estimates from the size table on the Legend sheet — adjust there.
A34: Key findings
A35: 1. Remediation of 18-09-2026: every requirement that was Not met is now Met — the SLIMS Field Android app (live capture, mock-location detection, offline queue, device binding), evidence integrity, the quantity ledger with transfers, adjustments, physical verification and reconciliation, the approval matrix, notifications with escalation, drill-down, map and scheduled reports.
A36: 2. All six defects are fixed and their probes pass in the acceptance run, including the two High ones (DF-01 audit scope, DF-06 cancel scope).
A37: 3. What remains is Partially met: mostly vocabulary and structure the FRD settled in reconciliation (roles, Store → Rack → Shelf → Bin naming, evidence status values), the over-receipt exception route (TC-05), refused attempts in the audit trail (TC-27) and before-values on every stock movement (TC-30).
A38: 4. The core control chain works end to end: QR receipt against PO into Receiving, put-away, site-bound requisition with delegated approval, scan-based issue, geo-fence validation from the bound phone, quarantine returns with a Usable route, warranty and approved disposal.
A39: 5. E-mail and SMS copies need only the department's own mail server and SMS gateway entered under Parameters; nothing paid is built in.
A40: 6. The LAN deployment behaves exactly like development and is fast, but it is not ready for field roll-out. It serves plain HTTP, so phone browsers refuse GPS to the evidence screen. It also has no backup, no trusted time source and no auto-restart. See the Deployment Check sheet.

Sheet Gap Register
A1: Gap register — every FRD-GSL-001 requirement against the current build
A2: Filter by module, status, priority or work package. Edit Status as work lands; Wave is looked up from the Remediation Plan.
A4: FR ID | B4: Module | C4: Area | D4: Requirement (FRD-GSL-001) | E4: Pri. | F4: Process stage | G4: Status | H4: Current build (evidence) | I4: Gap | J4: Remediation | K4: Work package | L4: Wave | M4: Acceptance tests | N4: Test results | O4: Source trace
A5: FR-MDM-001 | B5: Master Data | C5: Item / article master | D5: The system shall create articles article-wise, one per purchase order line, with a unique Item Code composed as CATEGORY-SUBCATEGORY-SPECIFICATION-PO-LINE (for example `LUM-LED-090W-PO2611-001`). The PO number and line are part of the code and remain attached to the item for life. | E5: M | F5: 1 Procurement / PO | G5: Met | H5: MasterService.CreateArticleAsync builds CAT-SUB-SPEC-PO-LINE through Codes.ItemCode; an article needs an open PO line. | I5: — | J5: — | L5: =IF(K5="","",INDEX('Remediation Plan'!$B$5:$B$17,MATCH(K5,'Remediation Plan'!$A$5:$A$17,0))) | M5: — | N5: — | O5: G: §5.1 · S: FR-MD-05, BR-003, BR-004
A6: FR-MDM-002 | B6: Master Data | C6: Item / article master | D6: The article master shall hold description, category, sub-category, specification / model, unit of measure, serialised or bulk tracking, pack size, rate, warranty period, expected service life, re-order level, status (Active, Blocked, Obsolete) and PO reference history. | E6: M | F6: 1 Procurement / PO | G6: Met | H6: Article entity holds every listed field; PO reference kept through the PO line. | I6: — | J6: — | L6: =IF(K6="","",INDEX('Remediation Plan'!$B$5:$B$17,MATCH(K6,'Remediation Plan'!$A$5:$A$17,0))) | M6: — | N6: — | O6: G: §5.1 · S: §9.3
A7: FR-MDM-003 | B7: Master Data | C7: Item / article master | D7: The unit of measure of an article shall be locked once any transaction exists against it. | E7: M | F7: 1 Procurement / PO | G7: Met | H7: Article UoM cannot be changed after creation (UpdateArticleAsync edits only re-order level, status, life). | I7: The PO line's UoM can still be changed through the API — see DF-04. | J7: Covered by the DF-04 fix. | K7: WP-00 | L7: =IF(K7="","",INDEX('Remediation Plan'!$B$5:$B$17,MATCH(K7,'Remediation Plan'!$A$5:$A$17,0))) -> Wave 0 — Fix now | M7: — | N7: — | O7: S: FR-MD-08, BR-028
A8: FR-MDM-004 | B8: Master Data | C8: Item / article master | D8: A Blocked or Obsolete article shall not be selectable on a requisition or issuable; its existing stock remains visible in all enquiries. | E8: M | F8: 1 Procurement / PO | G8: Partially met | H8: Requisition creation refuses a Blocked or Obsolete article (RequisitionService.CreateAsync). | I8: Issue does not re-check article status, so an article blocked after approval can still be issued. | J8: Re-check article status at issue scan and posting. | K8: WP-00 | L8: =IF(K8="","",INDEX('Remediation Plan'!$B$5:$B$17,MATCH(K8,'Remediation Plan'!$A$5:$A$17,0))) -> Wave 0 — Fix now | M8: — | N8: — | O8: G: §5.1
A9: FR-MDM-005 | B9: Master Data | C9: QR identification | D9: On article creation the system shall generate one unique QR identifier per serialised unit, or per pack / batch for bulk articles. The payload shall carry the item code, a serial number and a check value derived from both (format in Section 8.5). | E9: M | F9: 1 Procurement / PO | G9: Met | H9: One label per piece or pack with SHA-256-derived check value (Codes.QrPayload). | I9: — | J9: — | L9: =IF(K9="","",INDEX('Remediation Plan'!$B$5:$B$17,MATCH(K9,'Remediation Plan'!$A$5:$A$17,0))) | M9: — | N9: — | O9: G: §5.5 · S: FR-MD-06
A10: FR-MDM-006 | B10: Master Data | C10: QR identification | D10: A QR identifier shall be unique across the whole system and never reused, including after the item is disposed. A scan shall never create a duplicate item record. | E10: M | F10: 1 Procurement / PO | G10: Met | H10: Unique indexes on QR payload and (article, serial); forged and repeated labels refused (TC-03, TC-04). | I10: — | J10: — | L10: =IF(K10="","",INDEX('Remediation Plan'!$B$5:$B$17,MATCH(K10,'Remediation Plan'!$A$5:$A$17,0))) | M10: TC-03, TC-04 | N10: TC-03 PASS; TC-04 PASS | O10: G: §10, Rule 2 · S: BR-002
A11: FR-MDM-007 | B11: Master Data | C11: QR identification | D11: Scanning a QR in any function shall retrieve the item record with its current status, current store location or site, PO reference and full transaction history. | E11: M | F11: 4 Store Inventory | G11: Met | H11: GET /api/items/{id or QR} returns status, location or site, PO and history; every scan response carries the item state. | I11: — | J11: — | L11: =IF(K11="","",INDEX('Remediation Plan'!$B$5:$B$17,MATCH(K11,'Remediation Plan'!$A$5:$A$17,0))) | M11: — | N11: — | O11: G: §5.5, FR-14 · S: FR-IC-09
A12: FR-MDM-008 | B12: Master Data | C12: QR identification | D12: The system shall print label sheets showing the QR symbol, item code, description, PO number and serial. A re-print shall carry the same identifier and be logged against the item with the reason. | E12: M | F12: 1 Procurement / PO | G12: Partially met | H12: Label sheet generated; every re-print is logged as “print #n” (MasterService.LabelsAsync). | I12: No reason is captured for a re-print. | J12: Ask for and store a reason when a label is re-printed. | K12: WP-03 | L12: =IF(K12="","",INDEX('Remediation Plan'!$B$5:$B$17,MATCH(K12,'Remediation Plan'!$A$5:$A$17,0))) -> Wave 1 — Align | M12: — | N12: — | O12: S: FR-MD-07, FR-MD-14
A13: FR-MDM-009 | B13: Master Data | C13: Purchase order reference | D13: The system shall hold approved purchase order references — PO number, vendor, PO date, delivery due date, warranty terms and lines (item description, category, specification, unit, quantity, rate) — entered by Procurement / Admin or received by interface. | E13: M | F13: 1 Procurement / PO | G13: Met | H13: POs, vendors and lines entered on the Purchase Orders screen (MasterService.UpsertPoAsync). | I13: Inbound PO interface (INT-01) not built — entry is manual. PO lines with articles are not locked at the API (DF-04). | J13: Build INT-01 when the procurement system is available. | K13: WP-00 | L13: =IF(K13="","",INDEX('Remediation Plan'!$B$5:$B$17,MATCH(K13,'Remediation Plan'!$A$5:$A$17,0))) -> Wave 0 — Fix now | M13: — | N13: — | O13: G: §5.2, FR-01 · S: INT-01
A14: FR-MDM-010 | B14: Master Data | C14: Purchase order reference | D14: For every PO line the system shall maintain ordered, received and outstanding quantities, updated on each receipt and each reversal. | E14: M | F14: 1 Procurement / PO | G14: Met | H14: Ordered, received and outstanding shown per PO line, recomputed from item status. | I14: — | J14: — | L14: =IF(K14="","",INDEX('Remediation Plan'!$B$5:$B$17,MATCH(K14,'Remediation Plan'!$A$5:$A$17,0))) | M14: — | N14: — | O14: G: §5.2
A15: FR-MDM-011 | B15: Master Data | C15: Purchase order reference | D15: Procurement / Admin shall be able to close and re-open a PO. A closed PO accepts no further receipts. | E15: S | F15: 1 Procurement / PO | G15: Met | H15: PO open / close toggle; closed PO refuses receipts. | I15: — | J15: — | L15: =IF(K15="","",INDEX('Remediation Plan'!$B$5:$B$17,MATCH(K15,'Remediation Plan'!$A$5:$A$17,0))) | M15: — | N15: — | O15: —
A16: FR-MDM-012 | B16: Master Data | C16: Store location master | D16: The system shall maintain store locations in the hierarchy Store / Warehouse → Rack → Shelf → Bin and generate a unique location code for each bin (for example `CEN01-R04-S02-B12`). Stock balance shall be held at bin level. | E16: M | F16: 3 QR Scan & Put-away | G16: Partially met | H16: Locations are Store ▸ Section ▸ Rack ▸ Bin (StoreLocation entity). | I16: No Shelf level; hierarchy differs from Store → Rack → Shelf → Bin. | J16: Restructure to Rack / Shelf / Bin and regenerate location codes. | K16: WP-02 | L16: =IF(K16="","",INDEX('Remediation Plan'!$B$5:$B$17,MATCH(K16,'Remediation Plan'!$A$5:$A$17,0))) -> Wave 1 — Align | M16: — | N16: — | O16: G: §5.3, FR-03 · S: §9.1
A17: FR-MDM-013 | B17: Master Data | C17: Store location master | D17: Each location shall be typed Receiving, Stock, Quarantine, Repair or Scrap. Only Stock locations hold issuable material. Every store shall have at least one location of each type. | E17: M | F17: 3 QR Scan & Put-away | G17: Partially met | H17: Location kinds Stock, Quarantine and Scrap; new stores get a Quarantine and a Scrap bin automatically. | I17: No Receiving or Repair location types. | J17: Add Receiving and Repair kinds. | K17: WP-02 | L17: =IF(K17="","",INDEX('Remediation Plan'!$B$5:$B$17,MATCH(K17,'Remediation Plan'!$A$5:$A$17,0))) -> Wave 1 — Align | M17: — | N17: — | O17: G: §7 · S: BR-018
A18: FR-MDM-014 | B18: Master Data | C18: Store location master | D18: A store or location holding stock shall not be deactivated. | E18: M | F18: 3 QR Scan & Put-away | G18: Met | H18: Deactivating a store or bin holding stock is refused (BR-024 check in MasterService). | I18: — | J18: — | L18: =IF(K18="","",INDEX('Remediation Plan'!$B$5:$B$17,MATCH(K18,'Remediation Plan'!$A$5:$A$17,0))) | M18: — | N18: — | O18: S: BR-024
A19: FR-MDM-015 | B19: Master Data | C19: Site master | D19: The system shall maintain one record per lighting site with a unique Site ID, name / description, administrative hierarchy (Zone → Division → Ward / UC), site type, latitude and longitude to six decimal places, geofence radius, tolerance, assigned Lighting Supervisor and Lighting Officer, and status (Planned, Active, Completed, On hold). | E19: M | F19: 5 Digital Requisition | G19: Partially met | H19: Site record holds ID, name, zone, division, ward, type, coordinates, geofence, supervisor, officer, status. | I19: Tolerance is a single global parameter; no per-site tolerance. | J19: Add an optional per-site tolerance. | K19: WP-12 | L19: =IF(K19="","",INDEX('Remediation Plan'!$B$5:$B$17,MATCH(K19,'Remediation Plan'!$A$5:$A$17,0))) -> Wave 1 — Align | M19: — | N19: — | O19: G: §5.4, Rule 10 · S: §9.2
A20: FR-MDM-016 | B20: Master Data | C20: Site master | D20: Sites shall be loadable in bulk from a survey file, with every row validated and rejected rows reported with the reason. | E20: S | F20: 5 Digital Requisition | G20: Partially met | H20: POST /api/sites/bulk takes a JSON array and reports errors by row. | I20: No CSV / Excel survey-file upload in the portal. | J20: Accept CSV and Excel files and map columns. | K20: WP-12 | L20: =IF(K20="","",INDEX('Remediation Plan'!$B$5:$B$17,MATCH(K20,'Remediation Plan'!$A$5:$A$17,0))) -> Wave 1 — Align | M20: — | N20: — | O20: S: FR-MD-04
A21: FR-MDM-017 | B21: Master Data | C21: Site master | D21: Changing the coordinates or geofence of a site that has had material issued to it shall require authorised approval, and the previous values shall be retained in the site history. | E21: M | F21: 5 Digital Requisition | G21: Partially met | H21: Changing coordinates of a site with issued material needs a configuring role; previous values kept in the audit trail. | I21: No approval step and no site-history view. | J21: Route the change for approval and show site history. | K21: WP-12 | L21: =IF(K21="","",INDEX('Remediation Plan'!$B$5:$B$17,MATCH(K21,'Remediation Plan'!$A$5:$A$17,0))) -> Wave 1 — Align | M21: — | N21: — | O21: G: §9 · S: BR-025
A22: FR-MDM-018 | B22: Master Data | C22: Scope, reason codes and parameters | D22: The system shall maintain the organisational hierarchy used for data scope (Zone, Division, Ward / UC) and the assignment of users to stores and sites. | E22: M | F22: 11 Reporting | G22: Partially met | H22: Scope is zone plus optional stores and sites per user. | I22: No Division or Ward / UC level of scope. | J22: Add division and ward levels to the scope model. | K22: WP-12 | L22: =IF(K22="","",INDEX('Remediation Plan'!$B$5:$B$17,MATCH(K22,'Remediation Plan'!$A$5:$A$17,0))) -> Wave 1 — Align | M22: — | N22: — | O22: G: §4
A23: FR-MDM-019 | B23: Master Data | C23: Scope, reason codes and parameters | D23: The system shall maintain reason-code lists for requisition rejection, receipt discrepancy, failure and condition, stock adjustment and exception resolution. | E23: M | F23: 11 Reporting | G23: Partially met | H23: Failure reasons are a configurable list. | I23: Rejection, discrepancy, adjustment and resolution reasons are free text. | J23: Add maintained reason-code lists and use them on those screens. | K23: WP-01 | L23: =IF(K23="","",INDEX('Remediation Plan'!$B$5:$B$17,MATCH(K23,'Remediation Plan'!$A$5:$A$17,0))) -> Wave 1 — Align | M23: — | N23: — | O23: S: §9.5
A24: FR-MDM-020 | B24: Master Data | C24: Scope, reason codes and parameters | D24: Authorised administrators shall configure, without code changes: default geofence radius, tolerance, minimum GPS accuracy, permitted clock drift, return period, reservation validity, acknowledgement period, ageing threshold, evidence size limit and minimum justification length. | E24: M | F24: 11 Reporting | G24: Partially met | H24: Ten parameters editable on the Parameters screen. | I24: Minimum justification length is hard-coded (10); reservation validity is stored but has no effect. | J24: Make the justification length a parameter; implement the reservation lapse. | K24: WP-12 | L24: =IF(K24="","",INDEX('Remediation Plan'!$B$5:$B$17,MATCH(K24,'Remediation Plan'!$A$5:$A$17,0))) -> Wave 1 — Align | M24: — | N24: — | O24: G: §14 · S: FR-MD-12
A25: FR-INV-001 | B25: Inventory & Stores | C25: Goods receipt | D25: The Store / Warehouse Officer shall start a receipt by selecting an open PO. The system shall display each PO line with ordered, received and outstanding quantity. | E25: M | F25: 2 Goods Receipt | G25: Met | H25: Goods Receipt screen lists open POs with ordered, received and outstanding (TC-01). | I25: — | J25: — | L25: =IF(K25="","",INDEX('Remediation Plan'!$B$5:$B$17,MATCH(K25,'Remediation Plan'!$A$5:$A$17,0))) | M25: — | N25: — | O25: G: FR-01, Rule 1 · S: FR-GR-01
A26: FR-INV-002 | B26: Inventory & Stores | C26: Goods receipt | D26: Each serialised or controlled item shall be received by scanning its QR. On every scan the system shall validate that the label is genuine, belongs to the selected PO, has not already been received, and that the receipt will not exceed the PO line balance — and show the result immediately. | E26: M | F26: 2 Goods Receipt | G26: Met | H26: Every scan validated for label, PO, prior receipt and balance (GrnService.ValidateAsync; TC-01, 03, 04). | I26: — | J26: — | L26: =IF(K26="","",INDEX('Remediation Plan'!$B$5:$B$17,MATCH(K26,'Remediation Plan'!$A$5:$A$17,0))) | M26: TC-01, TC-03 | N26: TC-01 PASS; TC-03 PASS | O26: G: FR-01, FR-02, Rule 2 · S: FR-GR-02, FR-GR-03
A27: FR-INV-003 | B27: Inventory & Stores | C27: Goods receipt | D27: Receipt without a PO reference shall not be possible through the standard receipt function. | E27: M | F27: 2 Goods Receipt | G27: Met | H27: A receipt cannot be posted without a PO (TC-02). | I27: Refused as “PO not found” rather than a prompt to select a PO. | J27: Align the message with VAL-INV-001. | K27: WP-03 | L27: =IF(K27="","",INDEX('Remediation Plan'!$B$5:$B$17,MATCH(K27,'Remediation Plan'!$A$5:$A$17,0))) -> Wave 1 — Align | M27: TC-02 | N27: TC-02 PASS* | O27: G: Rule 1
A28: FR-INV-004 | B28: Inventory & Stores | C28: Goods receipt | D28: Receipt beyond the PO line balance shall be blocked unless an over-receipt exception is recorded with a reason and approved by an authorised officer; the exception is linked to the GRN. | E28: M | F28: 2 Goods Receipt | G28: Partially met | H28: Receipt beyond PO balance is blocked (TC-05). | I28: No over-receipt exception request or approval. | J28: Add over-receipt exception with reason and Approving Officer approval. | K28: WP-03 | L28: =IF(K28="","",INDEX('Remediation Plan'!$B$5:$B$17,MATCH(K28,'Remediation Plan'!$A$5:$A$17,0))) -> Wave 1 — Align | M28: TC-05 | N28: TC-05 PARTIAL | O28: G: §5.2, Rule 9 · S: BR-014
A29: FR-INV-005 | B29: Inventory & Stores | C29: Goods receipt | D29: The receiver shall record the physical condition of the consignment and may reject individual items with a reason code and optional photograph. Rejected items do not enter stock. | E29: M | F29: 2 Goods Receipt | G29: Met | H29: GrnService.PostAsync records the consignment condition and per-label rejection with reason code and optional photograph; rejected labels never enter stock and raise a Rejected discrepancy note (FR-INV-005 check). Implemented 18-09-2026. | I29: — | J29: — | K29: WP-03 | L29: =IF(K29="","",INDEX('Remediation Plan'!$B$5:$B$17,MATCH(K29,'Remediation Plan'!$A$5:$A$17,0))) -> Wave 1 — Align | M29: — | N29: — | O29: G: §7, §8 · S: FR-GR-05
A30: FR-INV-006 | B30: Inventory & Stores | C30: Goods receipt | D30: The system shall generate a discrepancy / short-receipt note for any shortage, excess or rejection and route it to Procurement / Admin, who record its resolution. | E30: M | F30: 2 Goods Receipt | G30: Partially met | H30: Discrepancy notes raised by hand and resolved by Procurement (GrnService.RaiseDiscrepancyAsync). | I30: Notes are not generated automatically from a short or rejected receipt. | J30: Generate the note from the receipt. | K30: WP-03 | L30: =IF(K30="","",INDEX('Remediation Plan'!$B$5:$B$17,MATCH(K30,'Remediation Plan'!$A$5:$A$17,0))) -> Wave 1 — Align | M30: — | N30: — | O30: G: FR-12 · S: FR-GR-06
A31: FR-INV-007 | B31: Inventory & Stores | C31: Goods receipt | D31: The receipt shall capture delivery challan number, invoice number and date, receipt date and receiver, and generate a sequential, non-editable GRN number. | E31: M | F31: 2 Goods Receipt | G31: Met | H31: GRN number, challan, invoice number and date, receiver and time recorded. | I31: — | J31: — | L31: =IF(K31="","",INDEX('Remediation Plan'!$B$5:$B$17,MATCH(K31,'Remediation Plan'!$A$5:$A$17,0))) | M31: TC-01 | N31: TC-01 PASS | O31: G: §8 · S: FR-GR-09, FR-GR-10
A32: FR-INV-008 | B32: Inventory & Stores | C32: Goods receipt | D32: Partial receipt against a PO line shall be supported; the balance remains open for later receipts. | E32: M | F32: 2 Goods Receipt | G32: Met | H32: Partial receipt leaves the PO line open. | I32: — | J32: — | L32: =IF(K32="","",INDEX('Remediation Plan'!$B$5:$B$17,MATCH(K32,'Remediation Plan'!$A$5:$A$17,0))) | M32: — | N32: — | O32: S: FR-GR-11
A33: FR-INV-009 | B33: Inventory & Stores | C33: Goods receipt | D33: An authorised user may reverse a GRN, with a reason, provided none of its items has moved on. Both the original and the reversal remain visible. | E33: S | F33: 2 Goods Receipt | G33: Met | H33: GRN reversal with reason while no item has moved on (GrnService.ReverseAsync). | I33: — | J33: — | L33: =IF(K33="","",INDEX('Remediation Plan'!$B$5:$B$17,MATCH(K33,'Remediation Plan'!$A$5:$A$17,0))) | M33: — | N33: — | O33: S: FR-GR-13, BR-022
A34: FR-INV-010 | B34: Inventory & Stores | C34: Put-away and location | D34: Received items shall first be held in the store's Receiving location and shall not be available for requisition or issue. | E34: M | F34: 3 QR Scan & Put-away | G34: Met | H34: Receipts land in the store's Receiving location (StoreControlService.ReceivingLocationAsync); availability and issue accept only Stock bins (TC-06). Implemented 18-09-2026. | I34: — | J34: — | K34: WP-02 | L34: =IF(K34="","",INDEX('Remediation Plan'!$B$5:$B$17,MATCH(K34,'Remediation Plan'!$A$5:$A$17,0))) -> Wave 1 — Align | M34: TC-06 | N34: TC-06 PASS | O34: G: §7
A35: FR-INV-011 | B35: Inventory & Stores | C35: Put-away and location | D35: Put-away shall be recorded by scanning the item and the destination bin (Store → Rack → Shelf → Bin). The item becomes available only after successful put-away. Where the officer bins on receipt, receipt and put-away may be recorded in one step. | E35: M | F35: 3 QR Scan & Put-away | G35: Partially met | H35: The bin is chosen on the receipt and must be an active Stock bin. | I35: No scan-to-bin put-away step. | J35: Add put-away by scanning bin then items. | K35: WP-02 | L35: =IF(K35="","",INDEX('Remediation Plan'!$B$5:$B$17,MATCH(K35,'Remediation Plan'!$A$5:$A$17,0))) -> Wave 1 — Align | M35: TC-01 | N35: TC-01 PASS | O35: G: FR-03, §7 · S: FR-GR-07, BR-005
A36: FR-INV-012 | B36: Inventory & Stores | C36: Put-away and location | D36: Internal moves between bins shall be recorded by scanning the item and the new bin; the ledger records both locations. | E36: S | F36: 3 QR Scan & Put-away | G36: Met | H36: StoreControlService.MoveAsync: scan items and the bin label (SLIMSLOC|…); the ledger records both locations; put-away screen in the portal. Implemented 18-09-2026. | I36: — | J36: — | K36: WP-02 | L36: =IF(K36="","",INDEX('Remediation Plan'!$B$5:$B$17,MATCH(K36,'Remediation Plan'!$A$5:$A$17,0))) -> Wave 1 — Align | M36: — | N36: — | O36: G: §10
A37: FR-INV-013 | B37: Inventory & Stores | C37: Stock ledger and balances | D37: Every stock movement — receipt, put-away, bin move, transfer, issue, return, re-inward, adjustment and disposal — shall post a ledger entry with item, quantity, from and to location or site, transaction ID, user and timestamp. | E37: M | F37: 4 Store Inventory | G37: Partially met | H37: Each movement is written per item to the audit trail with from / to details. | I37: No quantity ledger with transaction IDs. | J37: Introduce a stock ledger table posted by every movement. | K37: WP-09 | L37: =IF(K37="","",INDEX('Remediation Plan'!$B$5:$B$17,MATCH(K37,'Remediation Plan'!$A$5:$A$17,0))) -> Wave 3 — Stock control | M37: TC-15 | N37: TC-15 PASS | O37: G: Rule 8, §10 · S: FR-IC-01
A38: FR-INV-014 | B38: Inventory & Stores | C38: Stock ledger and balances | D38: Each controlled item shall have exactly one current inventory state and one current location or site at any time. | E38: M | F38: 4 Store Inventory | G38: Partially met | H38: Each item carries one status and a location or site. | I38: A returned item keeps its site while in quarantine (DF-03). | J38: Clear the site when a return is received. | K38: WP-00 | L38: =IF(K38="","",INDEX('Remediation Plan'!$B$5:$B$17,MATCH(K38,'Remediation Plan'!$A$5:$A$17,0))) -> Wave 0 — Fix now | M38: — | N38: — | O38: G: §10, FR-14
A39: FR-INV-015 | B39: Inventory & Stores | C39: Stock ledger and balances | D39: The system shall show, for each item code and location: on hand, reserved, available, in quarantine and in transit. | E39: M | F39: 4 Store Inventory | G39: Partially met | H39: Stock screen shows on hand, reserved and available by bin; quarantine and scrap bins shown separately. | I39: No in-transit figure (transfers not built). | J39: Add in-transit with transfers. | K39: WP-09 | L39: =IF(K39="","",INDEX('Remediation Plan'!$B$5:$B$17,MATCH(K39,'Remediation Plan'!$A$5:$A$17,0))) -> Wave 3 — Stock control | M39: — | N39: — | O39: G: §11 · S: FR-IC-02
A40: FR-INV-016 | B40: Inventory & Stores | C40: Stock ledger and balances | D40: The system shall reconcile stock for any store and period as Opening + Receipts + Returns − Issues − Approved Adjustments = Closing (Section 13.2), and report any line that does not balance. | E40: M | F40: 4 Store Inventory | G40: Met | H40: StockMovement ledger written by every quantity change; report “Stock Reconciliation (RPT-04)” balances every store × article line (TC-29). Implemented 18-09-2026. | I40: — | J40: — | K40: WP-09 | L40: =IF(K40="","",INDEX('Remediation Plan'!$B$5:$B$17,MATCH(K40,'Remediation Plan'!$A$5:$A$17,0))) -> Wave 3 — Stock control | M40: TC-29 | N40: TC-29 PASS | O40: G: §10
A41: FR-INV-017 | B41: Inventory & Stores | C41: Stock ledger and balances | D41: No transaction shall reduce stock at any location below zero. | E41: M | F41: 4 Store Inventory | G41: Met | H41: Stock is the sum of labels and a label cannot move twice, so negative stock cannot arise. | I41: — | J41: — | L41: =IF(K41="","",INDEX('Remediation Plan'!$B$5:$B$17,MATCH(K41,'Remediation Plan'!$A$5:$A$17,0))) | M41: — | N41: — | O41: S: BR-021
A42: FR-INV-018 | B42: Inventory & Stores | C42: Stock ledger and balances | D42: The system shall raise a re-order alert when available stock of an article falls below its re-order level. | E42: S | F42: 4 Store Inventory | G42: Partially met | H42: Articles below re-order level listed on the Stock screen. | I42: No alert is sent. | J42: Send NTF-14. | K42: WP-10 | L42: =IF(K42="","",INDEX('Remediation Plan'!$B$5:$B$17,MATCH(K42,'Remediation Plan'!$A$5:$A$17,0))) -> Wave 4 — Notify & report | M42: — | N42: — | O42: G: §13 · S: FR-IC-04
A43: FR-INV-019 | B43: Inventory & Stores | C43: Transfers, adjustments and physical verification | D43: Inter-store transfer shall be performed by scan with a despatch leg and a receipt leg; between the two the stock is shown as in transit. | E43: S | F43: 4 Store Inventory | G43: Met | H43: Transfers by scan: despatch leg → InTransit → receipt leg into the receiving store's Receiving area (FR-INV-019 check). Implemented 18-09-2026. | I43: — | J43: — | K43: WP-09 | L43: =IF(K43="","",INDEX('Remediation Plan'!$B$5:$B$17,MATCH(K43,'Remediation Plan'!$A$5:$A$17,0))) -> Wave 3 — Stock control | M43: — | N43: — | O43: G: §18 · S: FR-IS-12
A44: FR-INV-020 | B44: Inventory & Stores | C44: Transfers, adjustments and physical verification | D44: A stock adjustment shall require a reason code and approval by a user other than the one who raised it. Original and adjusted values are retained. | E44: M | F44: 4 Store Inventory | G44: Met | H44: StockAdjustment with reason code, second-person approval (BR-026), original and adjusted quantities kept; ledger entry on approval (FR-INV-020 check). Implemented 18-09-2026. | I44: — | J44: — | K44: WP-09 | L44: =IF(K44="","",INDEX('Remediation Plan'!$B$5:$B$17,MATCH(K44,'Remediation Plan'!$A$5:$A$17,0))) -> Wave 3 — Stock control | M44: — | N44: — | O44: G: §10, Rule 9 · S: FR-IC-06
A45: FR-INV-021 | B45: Inventory & Stores | C45: Transfers, adjustments and physical verification | D45: Physical verification shall be performed by scanning. The system shall produce a variance report against book stock; variances are cleared only through approved adjustments. | E45: S | F45: 4 Store Inventory | G45: Met | H45: PhysicalCount: scan-based count, frozen variance report, adjustments raised from variances; closing refused until they are decided (FR-INV-021 check). Implemented 18-09-2026. | I45: — | J45: — | K45: WP-09 | L45: =IF(K45="","",INDEX('Remediation Plan'!$B$5:$B$17,MATCH(K45,'Remediation Plan'!$A$5:$A$17,0))) -> Wave 3 — Stock control | M45: — | N45: — | O45: S: FR-IC-05
A46: FR-INV-022 | B46: Inventory & Stores | C46: Issue to site | D46: Issue shall be possible only against an approved requisition. There is no direct issue function. | E46: M | F46: 7 Issue to Site | G46: Met | H46: Issue only against Approved / Partly Issued requisitions (TC-12). | I46: — | J46: — | L46: =IF(K46="","",INDEX('Remediation Plan'!$B$5:$B$17,MATCH(K46,'Remediation Plan'!$A$5:$A$17,0))) | M46: TC-12 | N46: TC-12 PASS | O46: G: FR-07, Rule 3 · S: FR-IS-01, BR-006
A47: FR-INV-023 | B47: Inventory & Stores | C47: Issue to site | D47: The Store / Warehouse Officer shall issue by scanning each item. On every scan the system shall validate that the requisition is approved and not cancelled or exhausted, the item code is on the requisition, the item is available at the issuing store, and the approved quantity is not exceeded. | E47: M | F47: 7 Issue to Site | G47: Met | H47: Each scan checked against requisition, item, store and approved quantity (IssueService.ValidateAsync; TC-13). | I47: — | J47: — | L47: =IF(K47="","",INDEX('Remediation Plan'!$B$5:$B$17,MATCH(K47,'Remediation Plan'!$A$5:$A$17,0))) | M47: TC-13 | N47: TC-13 PASS | O47: G: FR-06, FR-07 · S: FR-IS-02, FR-IS-03, BR-010
A48: FR-INV-024 | B48: Inventory & Stores | C48: Issue to site | D48: An item already issued, installed, reserved for another requisition, in quarantine or scrapped shall be refused at scan, with its current status and location shown. | E48: M | F48: 7 Issue to Site | G48: Met | H48: Issued, installed, reserved-elsewhere, quarantined and scrapped items refused with status shown (TC-14). | I48: — | J48: — | L48: =IF(K48="","",INDEX('Remediation Plan'!$B$5:$B$17,MATCH(K48,'Remediation Plan'!$A$5:$A$17,0))) | M48: TC-14 | N48: TC-14 PASS | O48: G: §10, §16 · S: FR-IS-04, BR-011
A49: FR-INV-025 | B49: Inventory & Stores | C49: Issue to site | D49: The issue shall identify a registered, active Site ID. On posting, each item's location changes from the store bin to the site and its status to Issued to Site. | E49: M | F49: 7 Issue to Site | G49: Partially met | H49: Custody moves from bin to site on posting (TC-15). | I49: Site status is not re-checked at issue; material can go to an On-hold site (DF-05). | J49: Re-check site status at issue. | K49: WP-00 | L49: =IF(K49="","",INDEX('Remediation Plan'!$B$5:$B$17,MATCH(K49,'Remediation Plan'!$A$5:$A$17,0))) -> Wave 0 — Fix now | M49: TC-15 | N49: TC-15 PASS | O49: G: Rule 4, Rule 10 · S: FR-IS-06, BR-012
A50: FR-INV-026 | B50: Inventory & Stores | C50: Issue to site | D50: Posting shall generate a sequential Issue Note and Gate Pass recording requisition, site, items, quantity, issuing store, user, date and time, the person collecting and the vehicle. | E50: M | F50: 7 Issue to Site | G50: Met | H50: Issue Note and Gate Pass numbered; collector and vehicle recorded (TC-15). | I50: — | J50: — | L50: =IF(K50="","",INDEX('Remediation Plan'!$B$5:$B$17,MATCH(K50,'Remediation Plan'!$A$5:$A$17,0))) | M50: TC-15 | N50: TC-15 PASS | O50: G: §8 · S: FR-IS-07, FR-IS-08
A51: FR-INV-027 | B51: Inventory & Stores | C51: Issue to site | D51: Partial issue shall be supported. The requisition shows approved, issued and balance quantity per line and becomes Issued when every line is satisfied; any unused reservation on a satisfied line is released. | E51: M | F51: 7 Issue to Site | G51: Met | H51: Part issue supported; surplus reservations released when a line is satisfied. | I51: — | J51: — | L51: =IF(K51="","",INDEX('Remediation Plan'!$B$5:$B$17,MATCH(K51,'Remediation Plan'!$A$5:$A$17,0))) | M51: — | N51: — | O51: —
A52: FR-INV-028 | B52: Inventory & Stores | C52: Issue to site | D52: The Lighting Officer shall acknowledge receipt of issued material on the mobile app, recording the time and device location. Issues not acknowledged within the configured period are flagged. | E52: S | F52: 7 Issue to Site | G52: Met | H52: Officer acknowledges with device location; unacknowledged issues listed on the dashboard. | I52: — | J52: — | L52: =IF(K52="","",INDEX('Remediation Plan'!$B$5:$B$17,MATCH(K52,'Remediation Plan'!$A$5:$A$17,0))) | M52: — | N52: — | O52: G: §13 · S: FR-IS-09, FR-IS-10
A53: FR-INV-029 | B53: Inventory & Stores | C53: Issue to site | D53: Unused issued material shall be returnable to a Stock location by scan, restoring it to available status. | E53: M | F53: 7 Issue to Site | G53: Met | H53: Unused material returned by scan to a Stock bin. | I53: — | J53: — | L53: =IF(K53="","",INDEX('Remediation Plan'!$B$5:$B$17,MATCH(K53,'Remediation Plan'!$A$5:$A$17,0))) | M53: — | N53: — | O53: S: FR-IS-11
A54: FR-INV-030 | B54: Inventory & Stores | C54: Out-of-order returns and repair | D54: The Lighting Officer shall report an installed item as out of order or dismantled by scanning it and selecting a reason and condition, with photographs where the configuration requires them. | E54: M | F54: 10 Return / Repair | G54: Partially met | H54: Officer reports out-of-order or dismantled with a reason. | I54: Condition not captured separately; no photographs (Evidence link never set). | J54: Add condition and optional live photographs. | K54: WP-06 | L54: =IF(K54="","",INDEX('Remediation Plan'!$B$5:$B$17,MATCH(K54,'Remediation Plan'!$A$5:$A$17,0))) -> Wave 1 — Align | M54: TC-23 | N54: TC-23 PASS | O54: G: FR-13, §8, Rule 7 · S: FR-RT-01
A55: FR-INV-031 | B55: Inventory & Stores | C55: Out-of-order returns and repair | D55: The Store / Warehouse Officer shall receive a returned item by scanning its QR. The system shall display its full history and place it in a Quarantine or Repair location — never directly into issuable stock. | E55: M | F55: 10 Return / Repair | G55: Partially met | H55: Returned item scanned into the Quarantine bin (TC-23). | I55: The receipt screen does not display the item's history. | J55: Show the item history on receipt. | K55: WP-06 | L55: =IF(K55="","",INDEX('Remediation Plan'!$B$5:$B$17,MATCH(K55,'Remediation Plan'!$A$5:$A$17,0))) -> Wave 1 — Align | M55: TC-23 | N55: TC-23 PASS | O55: G: FR-13, Rule 7 · S: FR-RT-02, FR-RT-03, BR-018
A56: FR-INV-032 | B56: Inventory & Stores | C56: Out-of-order returns and repair | D56: After inspection the officer shall classify the returned item as Usable, Repairable or Not repairable, with a reason. | E56: M | F56: 10 Return / Repair | G56: Partially met | H56: Classification Repairable, Warranty or Scrap. | I56: No Usable classification (TC-24). | J56: Add Usable. | K56: WP-06 | L56: =IF(K56="","",INDEX('Remediation Plan'!$B$5:$B$17,MATCH(K56,'Remediation Plan'!$A$5:$A$17,0))) -> Wave 1 — Align | M56: TC-24 | N56: TC-24 PASS | O56: G: FR-13 · S: FR-RT-05
A57: FR-INV-033 | B57: Inventory & Stores | C57: Out-of-order returns and repair | D57: A Usable item shall be moved by scan to a Stock location and become available again. | E57: M | F57: 10 Return / Repair | G57: Met | H57: ReturnService Usable route: scan to a stock bin, item Received and available again (TC-24). Implemented 18-09-2026. | I57: — | J57: — | K57: WP-06 | L57: =IF(K57="","",INDEX('Remediation Plan'!$B$5:$B$17,MATCH(K57,'Remediation Plan'!$A$5:$A$17,0))) -> Wave 1 — Align | M57: TC-24 | N57: TC-24 PASS | O57: —
A58: FR-INV-034 | B58: Inventory & Stores | C58: Out-of-order returns and repair | D58: Warranty eligibility shall be computed by the system from the installation date and the warranty period carried on the item code, and shown at receipt of the return. | E58: M | F58: 10 Return / Repair | G58: Met | H58: Warranty eligibility computed from installation date and PO warranty (TC-25). | I58: — | J58: — | L58: =IF(K58="","",INDEX('Remediation Plan'!$B$5:$B$17,MATCH(K58,'Remediation Plan'!$A$5:$A$17,0))) | M58: TC-25 | N58: TC-25 PASS | O58: S: FR-RT-04, BR-019
A59: FR-INV-035 | B59: Inventory & Stores | C59: Out-of-order returns and repair | D59: A Repairable item shall be sent for repair or, where within warranty, for a vendor warranty claim; the claim reference and outcome are recorded. | E59: M | F59: 10 Return / Repair | G59: Met | H59: Repair or warranty claim with claim reference; outcome recorded as remarks on re-inward. | I59: — | J59: — | L59: =IF(K59="","",INDEX('Remediation Plan'!$B$5:$B$17,MATCH(K59,'Remediation Plan'!$A$5:$A$17,0))) | M59: TC-25 | N59: TC-25 PASS | O59: S: FR-RT-06
A60: FR-INV-036 | B60: Inventory & Stores | C60: Out-of-order returns and repair | D60: A repaired or replaced item shall be re-inwarded to a Stock location on the same QR identifier, keeping its full history, and may then be issued again. | E60: M | F60: 10 Return / Repair | G60: Met | H60: Re-inward on the same QR to a Stock bin (TC-25). | I60: The item view no longer links its earlier installation and return after re-inward. | J60: Keep the history of installations and returns on the item view. | K60: WP-11 | L60: =IF(K60="","",INDEX('Remediation Plan'!$B$5:$B$17,MATCH(K60,'Remediation Plan'!$A$5:$A$17,0))) -> Wave 4 — Notify & report | M60: TC-25 | N60: TC-25 PASS | O60: G: §10 · S: FR-RT-07
A61: FR-INV-037 | B61: Inventory & Stores | C61: Out-of-order returns and repair | D61: A Not-repairable item shall move to a Scrap location. It may be written out of stock only after disposal approval, which records the approver, date and scrap value. | E61: M | F61: 10 Return / Repair | G61: Met | H61: Scrap bin, disposal approval with approver, date and value (TC-26). | I61: — | J61: — | L61: =IF(K61="","",INDEX('Remediation Plan'!$B$5:$B$17,MATCH(K61,'Remediation Plan'!$A$5:$A$17,0))) | M61: TC-26 | N61: TC-26 PASS | O61: G: Rule 9 · S: FR-RT-08, FR-RT-09, BR-020
A62: FR-INV-038 | B62: Inventory & Stores | C62: Out-of-order returns and repair | D62: Items reported out of order at site but not received at a store within the configured period shall be flagged and escalated. | E62: S | F62: 10 Return / Repair | G62: Partially met | H62: Overdue returns listed on the dashboard and Returns screen. | I62: No escalation. | J62: Escalate through NTF-12. | K62: WP-10 | L62: =IF(K62="","",INDEX('Remediation Plan'!$B$5:$B$17,MATCH(K62,'Remediation Plan'!$A$5:$A$17,0))) -> Wave 4 — Notify & report | M62: — | N62: — | O62: G: §13 · S: FR-RT-10, BR-029
A63: FR-INV-039 | B63: Inventory & Stores | C63: Out-of-order returns and repair | D63: When a failed item is replaced, the replacement installation shall record the item it replaces, preserving the site's installation history. | E63: S | F63: 10 Return / Repair | G63: Partially met | H63: The API records which item a new installation replaces. | I63: The portal offers no field for it. | J63: Add the replaced-item field to installation capture. | K63: WP-06 | L63: =IF(K63="","",INDEX('Remediation Plan'!$B$5:$B$17,MATCH(K63,'Remediation Plan'!$A$5:$A$17,0))) -> Wave 1 — Align | M63: — | N63: — | O63: S: FR-RT-12
A64: FR-REQ-001 | B64: Requisition & Workflow | C64: Requisition | D64: The Lighting Supervisor shall create a requisition by selecting a registered Site ID from the site master, the issuing store, item codes and quantities, required date, priority and justification / purpose. | E64: M | F64: 5 Digital Requisition | G64: Partially met | H64: Site, store, items, quantity, required date and purpose captured. | I64: No priority field; justification is optional. | J64: Add priority; require justification for Urgent / Emergency. | K64: WP-04 | L64: =IF(K64="","",INDEX('Remediation Plan'!$B$5:$B$17,MATCH(K64,'Remediation Plan'!$A$5:$A$17,0))) -> Wave 1 — Align | M64: — | N64: — | O64: G: FR-04, §8 · S: FR-RQ-01, FR-RQ-03
A65: FR-REQ-002 | B65: Requisition & Workflow | C65: Requisition | D65: Only sites within the supervisor's authorised scope and in Active or Planned status shall be selectable. Free-text site entry shall not be accepted. | E65: M | F65: 5 Digital Requisition | G65: Met | H65: Only registered, in-scope, assigned, Active or Planned sites accepted (TC-07). | I65: — | J65: — | L65: =IF(K65="","",INDEX('Remediation Plan'!$B$5:$B$17,MATCH(K65,'Remediation Plan'!$A$5:$A$17,0))) | M65: TC-07 | N65: TC-07 PASS | O65: G: Rule 4, Rule 10, §4 · S: FR-RQ-02, FR-RQ-04, BR-007, BR-008
A66: FR-REQ-003 | B66: Requisition & Workflow | C66: Requisition | D66: While the requisition is entered and again on submission, the system shall show available stock at the issuing store for each line and highlight shortfalls. | E66: M | F66: 5 Digital Requisition | G66: Met | H66: Available stock shown per line while entering and on submission. | I66: — | J66: — | L66: =IF(K66="","",INDEX('Remediation Plan'!$B$5:$B$17,MATCH(K66,'Remediation Plan'!$A$5:$A$17,0))) | M66: — | N66: — | O66: S: FR-RQ-05
A67: FR-REQ-004 | B67: Requisition & Workflow | C67: Requisition | D67: A requisition may be saved as a draft and edited until submitted. After submission it is read-only to the requester. | E67: M | F67: 5 Digital Requisition | G67: Partially met | H67: Drafts can be saved and submitted later. | I67: A draft cannot be edited (no update endpoint). | J67: Add draft editing. | K67: WP-04 | L67: =IF(K67="","",INDEX('Remediation Plan'!$B$5:$B$17,MATCH(K67,'Remediation Plan'!$A$5:$A$17,0))) -> Wave 1 — Align | M67: — | N67: — | O67: —
A68: FR-REQ-005 | B68: Requisition & Workflow | C68: Requisition | D68: On submission the system shall assign a sequential requisition number, set status Submitted, route it to the Approving Officer determined by the approval matrix and notify them. | E68: M | F68: 5 Digital Requisition | G68: Partially met | H68: Numbered and set to Submitted. | I68: Not routed by an approval matrix; approver not notified. | J68: Route by approval matrix; notify (NTF-01). | K68: WP-01 | L68: =IF(K68="","",INDEX('Remediation Plan'!$B$5:$B$17,MATCH(K68,'Remediation Plan'!$A$5:$A$17,0))) -> Wave 1 — Align | M68: TC-08 | N68: TC-08 PASS | O68: G: FR-05 · S: FR-RQ-07
A69: FR-REQ-006 | B69: Requisition & Workflow | C69: Requisition | D69: For lines that exceed available stock the system shall record a purchase indent for Procurement / Admin. | E69: S | F69: 5 Digital Requisition | G69: Met | H69: Shortfall recorded as an indent and listed in the Indents report (TC-08). | I69: — | J69: — | L69: =IF(K69="","",INDEX('Remediation Plan'!$B$5:$B$17,MATCH(K69,'Remediation Plan'!$A$5:$A$17,0))) | M69: TC-08 | N69: TC-08 PASS | O69: S: FR-RQ-06
A70: FR-REQ-007 | B70: Requisition & Workflow | C70: Requisition | D70: The requester may cancel a requisition that has not been issued; any reservation is released. | E70: M | F70: 5 Digital Requisition | G70: Partially met | H70: Cancellation releases reservations. | I70: Cancel ignores data scope (DF-06). | J70: Apply store / site scope on cancel. | K70: WP-00 | L70: =IF(K70="","",INDEX('Remediation Plan'!$B$5:$B$17,MATCH(K70,'Remediation Plan'!$A$5:$A$17,0))) -> Wave 0 — Fix now | M70: — | N70: — | O70: G: FR-07 · S: FR-RQ-14
A71: FR-REQ-008 | B71: Requisition & Workflow | C71: Requisition | D71: The requester shall see the status of each requisition and, per line, the requested, approved, issued and balance quantities. | E71: M | F71: 5 Digital Requisition | G71: Met | H71: Requested, approved, issued and balance shown per line. | I71: — | J71: — | L71: =IF(K71="","",INDEX('Remediation Plan'!$B$5:$B$17,MATCH(K71,'Remediation Plan'!$A$5:$A$17,0))) | M71: — | N71: — | O71: G: §4
A72: FR-REQ-009 | B72: Requisition & Workflow | C72: Approval | D72: The Approving Officer shall approve in full, approve in part with revised quantities, or reject. A rejection requires a reason. | E72: M | F72: 6 Approval | G72: Met | H72: Approve in full or part, or reject with reason (TC-10, TC-11). | I72: — | J72: — | L72: =IF(K72="","",INDEX('Remediation Plan'!$B$5:$B$17,MATCH(K72,'Remediation Plan'!$A$5:$A$17,0))) | M72: TC-10, TC-11 | N72: TC-10 PASS; TC-11 PASS | O72: G: FR-05 · S: FR-RQ-08
A73: FR-REQ-010 | B73: Requisition & Workflow | C73: Approval | D73: Approval shall respect delegated authority by requisition value and scope. A requisition above the officer's limit shall escalate to the next level in the approval matrix. | E73: M | F73: 6 Approval | G73: Met | H73: Approval matrix in Parameters (value limits per level); an approver below the required level recommends and the requisition escalates (FR-REQ-010 check). Implemented 18-09-2026. | I73: — | J73: — | K73: WP-01 | L73: =IF(K73="","",INDEX('Remediation Plan'!$B$5:$B$17,MATCH(K73,'Remediation Plan'!$A$5:$A$17,0))) -> Wave 1 — Align | M73: — | N73: — | O73: G: §4 · S: FR-SE-04, BR-026
A74: FR-REQ-011 | B74: Requisition & Workflow | C74: Approval | D74: No user shall approve a requisition they raised. | E74: M | F74: 6 Approval | G74: Met | H74: Self-approval refused (TC-09). | I74: — | J74: — | L74: =IF(K74="","",INDEX('Remediation Plan'!$B$5:$B$17,MATCH(K74,'Remediation Plan'!$A$5:$A$17,0))) | M74: TC-09 | N74: TC-09 PASS | O74: G: Rule 9 · S: BR-026
A75: FR-REQ-012 | B75: Requisition & Workflow | C75: Approval | D75: On approval the system shall reserve the approved quantity against the requisition so it cannot be issued elsewhere, and generate a numbered Issue Slip. | E75: M | F75: 6 Approval | G75: Met | H75: Approved quantity reserved; Issue Slip numbered (TC-10). | I75: — | J75: — | L75: =IF(K75="","",INDEX('Remediation Plan'!$B$5:$B$17,MATCH(K75,'Remediation Plan'!$A$5:$A$17,0))) | M75: TC-10 | N75: TC-10 PASS | O75: S: FR-RQ-10, FR-RQ-11, BR-009
A76: FR-REQ-013 | B76: Requisition & Workflow | C76: Approval | D76: A rejected requisition shall return to the requester with the reason. It may be revised and resubmitted; the history of every version is retained. | E76: M | F76: 6 Approval | G76: Partially met | H76: A rejected requisition returns to the requester with the reason. | I76: No revise-and-resubmit version; a new requisition must be raised. | J76: Allow a rejected requisition to be revised as a new version. | K76: WP-04 | L76: =IF(K76="","",INDEX('Remediation Plan'!$B$5:$B$17,MATCH(K76,'Remediation Plan'!$A$5:$A$17,0))) -> Wave 1 — Align | M76: TC-11 | N76: TC-11 PASS | O76: G: FR-05 · S: FR-RQ-09
A77: FR-REQ-014 | B77: Requisition & Workflow | C77: Approval | D77: Reservations not issued within the configured validity shall be released automatically and the requester notified. | E77: S | F77: 6 Approval | G77: Met | H77: AutomationService releases reservations after the validity, marks the requisition Lapsed and notifies (NTF-04) (FR-REQ-014 check). Implemented 18-09-2026. | I77: — | J77: — | K77: WP-04 | L77: =IF(K77="","",INDEX('Remediation Plan'!$B$5:$B$17,MATCH(K77,'Remediation Plan'!$A$5:$A$17,0))) -> Wave 1 — Align | M77: — | N77: — | O77: S: FR-RQ-13
A78: FR-FLD-001 | B78: Field Installation | C78: Installation transaction | D78: The Lighting Officer shall see on the mobile app the items issued to the sites assigned to them, grouped by site and issue. | E78: M | F78: 8 Installation | G78: Met | H78: Field work list of items issued to the officer's sites. | I78: — | J78: — | L78: =IF(K78="","",INDEX('Remediation Plan'!$B$5:$B$17,MATCH(K78,'Remediation Plan'!$A$5:$A$17,0))) | M78: — | N78: — | O78: G: §4 · S: FR-IN-01
A79: FR-FLD-002 | B79: Field Installation | C79: Installation transaction | D79: The officer shall scan the item's QR at the installation point. The system shall confirm that the item was issued to that site and is not already installed. | E79: M | F79: 8 Installation | G79: Partially met | H79: Server confirms the item was issued to that site and is not installed. | I79: The web form takes a typed or selected QR; no camera QR scanning. | J79: Camera QR scanning in the field app. | K79: WP-07 | L79: =IF(K79="","",INDEX('Remediation Plan'!$B$5:$B$17,MATCH(K79,'Remediation Plan'!$A$5:$A$17,0))) -> Wave 2 — Field app | M79: — | N79: — | O79: G: FR-08, §18 · S: FR-IN-05
A80: FR-FLD-003 | B80: Field Installation | C80: Installation transaction | D80: The installation transaction shall record issue number, site, item / QR, installed quantity, pole or point identifier, officer, installation date and time, before photograph, after photograph, coordinates and validation status. | E80: M | F80: 8 Installation | G80: Partially met | H80: Issue, site, item, pole, officer, time, photos, coordinates and status recorded. | I80: No installed-quantity field (bulk items). | J80: Add installed quantity. | K80: WP-07 | L80: =IF(K80="","",INDEX('Remediation Plan'!$B$5:$B$17,MATCH(K80,'Remediation Plan'!$A$5:$A$17,0))) -> Wave 2 — Field app | M80: TC-18 | N80: TC-18 PASS* | O80: G: FR-08, §8 · S: FR-IN-11
A81: FR-FLD-004 | B81: Field Installation | C81: Installation transaction | D81: An installation shall be submittable only when both photographs exist. If a photograph is missing or fails its integrity check after synchronisation, the installation takes evidence status Missing Evidence and is not completed. | E81: M | F81: 8 Installation | G81: Partially met | H81: Submission refused without both photographs (TC-16). | I81: No Missing Evidence status for a photo lost or corrupted after sync. | J81: Add Missing Evidence on integrity failure. | K81: WP-05 | L81: =IF(K81="","",INDEX('Remediation Plan'!$B$5:$B$17,MATCH(K81,'Remediation Plan'!$A$5:$A$17,0))) -> Wave 1 — Align | M81: TC-16 | N81: TC-16 PASS | O81: G: FR-09, Rule 5 · S: BR-013
A82: FR-FLD-005 | B82: Field Installation | C82: Evidence capture | D82: A BEFORE photograph shall be captured through the app's camera before installation is recorded. | E82: M | F82: 9 Evidence & GPS Validation | G82: Met | H82: BEFORE photograph captured with coordinates and time. | I82: — | J82: — | L82: =IF(K82="","",INDEX('Remediation Plan'!$B$5:$B$17,MATCH(K82,'Remediation Plan'!$A$5:$A$17,0))) | M82: — | N82: — | O82: G: FR-09, Rule 5 · S: FR-IN-02
A83: FR-FLD-006 | B83: Field Installation | C83: Evidence capture | D83: An AFTER photograph shall be captured after installation. | E83: M | F83: 9 Evidence & GPS Validation | G83: Met | H83: AFTER photograph captured with coordinates and time. | I83: — | J83: — | L83: =IF(K83="","",INDEX('Remediation Plan'!$B$5:$B$17,MATCH(K83,'Remediation Plan'!$A$5:$A$17,0))) | M83: TC-16 | N83: TC-16 PASS | O83: G: FR-09, Rule 5 · S: FR-IN-06
A84: FR-FLD-007 | B84: Field Installation | C84: Evidence capture | D84: Photographs shall be captured live through the app. Selecting from the gallery or uploading an existing file shall not be possible. | E84: M | F84: 9 Evidence & GPS Validation | G84: Met | H84: SLIMS Field Android app: in-app live camera only, no gallery; the API accepts evidence only from the user's bound phone; browser upload refused (TC-17). Implemented 18-09-2026. | I84: — | J84: — | K84: WP-07 | L84: =IF(K84="","",INDEX('Remediation Plan'!$B$5:$B$17,MATCH(K84,'Remediation Plan'!$A$5:$A$17,0))) -> Wave 2 — Field app | M84: TC-17 | N84: TC-17 PASS | O84: G: §9 · S: FR-IN-03, BR-015
A85: FR-FLD-008 | B85: Field Installation | C85: Evidence capture | D85: For each photograph the app shall record device latitude, longitude, accuracy and timestamp at the moment of capture. These values shall not be enterable or editable by the user. | E85: M | F85: 9 Evidence & GPS Validation | G85: Partially met | H85: The page reads device GPS at capture; the officer cannot edit it on screen. | I85: The API trusts coordinates sent by the client. | J85: Capture and sign location in the native app. | K85: WP-07 | L85: =IF(K85="","",INDEX('Remediation Plan'!$B$5:$B$17,MATCH(K85,'Remediation Plan'!$A$5:$A$17,0))) -> Wave 2 — Field app | M85: — | N85: — | O85: G: FR-10 · S: FR-IN-04, BR-016
A86: FR-FLD-009 | B86: Field Installation | C86: Evidence capture | D86: The system shall preserve the original photograph unaltered and generate a controlled stamped copy that overlays date and time, coordinates, accuracy, Site ID, item code and officer (Section 12.4). | E86: M | F86: 9 Evidence & GPS Validation | G86: Met | H86: Original bytes stored with SHA-256; stamped copy generated on the server (SkiaSharp); hash mismatch → Missing Evidence + re-capture (FR-FLD-009 check). Implemented 18-09-2026. | I86: — | J86: — | K86: WP-08 | L86: =IF(K86="","",INDEX('Remediation Plan'!$B$5:$B$17,MATCH(K86,'Remediation Plan'!$A$5:$A$17,0))) -> Wave 2 — Field app | M86: — | N86: — | O86: G: §9 · S: FR-IN-04
A87: FR-FLD-010 | B87: Field Installation | C87: Evidence capture | D87: The app shall show the current GPS accuracy and the distance to the site point, warn when accuracy is poorer than the configured minimum, and refuse capture beyond three times that minimum. | E87: S | F87: 9 Evidence & GPS Validation | G87: Met | H87: Accuracy and distance shown; accuracy worse than 3× the minimum refused by the server. | I87: — | J87: — | L87: =IF(K87="","",INDEX('Remediation Plan'!$B$5:$B$17,MATCH(K87,'Remediation Plan'!$A$5:$A$17,0))) | M87: — | N87: — | O87: S: §13.1
A88: FR-FLD-011 | B88: Field Installation | C88: Evidence capture | D88: The system shall refuse evidence from a device reporting a mock location provider or a clock drift beyond the configured limit, and log the attempt. | E88: M | F88: 9 Evidence & GPS Validation | G88: Partially met | H88: Accuracy limit enforced. | I88: Clock check allows 65 minutes (DF-02); mock-location providers cannot be detected in a browser. | J88: Fix DF-02; detect mock location in the native app. | K88: WP-07 | L88: =IF(K88="","",INDEX('Remediation Plan'!$B$5:$B$17,MATCH(K88,'Remediation Plan'!$A$5:$A$17,0))) -> Wave 2 — Field app | M88: — | N88: — | O88: S: FR-IN-13
A89: FR-FLD-012 | B89: Field Installation | C89: Offline working and integrity | D89: Capture and scanning shall work without connectivity. Transactions queue on the device with their original capture time and coordinates and synchronise automatically when connectivity returns; the synchronisation time is recorded separately. | E89: M | F89: 9 Evidence & GPS Validation | G89: Met | H89: App queues captures in IndexedDB with original capture time and fix; synchronises on reconnect, resume and every minute; sync time recorded separately (TC-22). Implemented 18-09-2026. | I89: — | J89: — | K89: WP-07 | L89: =IF(K89="","",INDEX('Remediation Plan'!$B$5:$B$17,MATCH(K89,'Remediation Plan'!$A$5:$A$17,0))) -> Wave 2 — Field app | M89: TC-22 | N89: TC-22 PASS | O89: G: §14 · S: FR-IN-14, BR-027
A90: FR-FLD-013 | B90: Field Installation | C90: Offline working and integrity | D90: Every field submission shall carry a client transaction ID, so that a retried or repeated synchronisation cannot create a second installation. | E90: M | F90: 9 Evidence & GPS Validation | G90: Met | H90: Every submission carries a client transaction ID (unique index); a repeated synchronisation returns the first installation (TC-22). Implemented 18-09-2026. | I90: — | J90: — | K90: WP-07 | L90: =IF(K90="","",INDEX('Remediation Plan'!$B$5:$B$17,MATCH(K90,'Remediation Plan'!$A$5:$A$17,0))) -> Wave 2 — Field app | M90: TC-22 | N90: TC-22 PASS | O90: G: §14
A91: FR-FLD-014 | B91: Field Installation | C91: Offline working and integrity | D91: Submitted photographs, coordinates and completed installation records shall not be editable. Corrections use the authorised amendment mechanism in Section 5.5. | E91: M | F91: 9 Evidence & GPS Validation | G91: Met | H91: No edit or delete exists for installations or evidence. | I91: — | J91: — | L91: =IF(K91="","",INDEX('Remediation Plan'!$B$5:$B$17,MATCH(K91,'Remediation Plan'!$A$5:$A$17,0))) | M91: — | N91: — | O91: G: §12 · S: FR-IN-12
A92: FR-EXC-001 | B92: Exception Management | C92: Validation | D92: On receipt of an installation the system shall calculate the distance from the site coordinates to the coordinates of each photograph and compare the larger with the site geofence plus tolerance (Section 12.2). | E92: M | F92: 9 Evidence & GPS Validation | G92: Partially met | H92: Distance to the site computed and compared with geofence + tolerance. | I92: Only the AFTER photograph is measured. | J92: Measure both photographs and use the larger distance. | K92: WP-05 | L92: =IF(K92="","",INDEX('Remediation Plan'!$B$5:$B$17,MATCH(K92,'Remediation Plan'!$A$5:$A$17,0))) -> Wave 1 — Align | M92: TC-18 | N92: TC-18 PASS* | O92: G: FR-11, §9 · S: FR-IN-07
A93: FR-EXC-002 | B93: Exception Management | C93: Validation | D93: The system shall assign an evidence status of Valid, Location Exception or Missing Evidence, and place every non-Valid installation in Pending Review (Section 12.3). | E93: M | F93: 9 Evidence & GPS Validation | G93: Partially met | H93: Statuses Confirmed / PendingVerification / ApprovedException / Rejected (TC-18, 19). | I93: Not the FRD set Valid / Location Exception / Missing Evidence + review status. | J93: Adopt the FRD status model. | K93: WP-05 | L93: =IF(K93="","",INDEX('Remediation Plan'!$B$5:$B$17,MATCH(K93,'Remediation Plan'!$A$5:$A$17,0))) -> Wave 1 — Align | M93: TC-18, TC-19 | N93: TC-18 PASS*; TC-19 PASS* | O93: G: §9
A94: FR-EXC-003 | B94: Exception Management | C94: Validation | D94: A GPS mismatch shall never mark an installation complete. It creates an exception requiring authorised review. | E94: M | F94: 9 Evidence & GPS Validation | G94: Met | H94: A mismatch holds the installation for review, never complete (TC-19). | I94: — | J94: — | L94: =IF(K94="","",INDEX('Remediation Plan'!$B$5:$B$17,MATCH(K94,'Remediation Plan'!$A$5:$A$17,0))) | M94: TC-19 | N94: TC-19 PASS* | O94: G: §9, Rule 6 · S: FR-IN-09, BR-017
A95: FR-EXC-004 | B95: Exception Management | C95: Validation | D95: The exception queue shall hold GPS mismatch, missing evidence, duplicate or invalid QR scans, quantity variance, stock variance, damaged or out-of-order items and overdue returns or acknowledgements. | E95: M | F95: 9 Evidence & GPS Validation | G95: Partially met | H95: The exception queue holds GPS mismatches. | I95: Missing evidence, invalid scans, variances and overdue items are not in the queue. | J95: Unify exception types in one queue. | K95: WP-05 | L95: =IF(K95="","",INDEX('Remediation Plan'!$B$5:$B$17,MATCH(K95,'Remediation Plan'!$A$5:$A$17,0))) -> Wave 1 — Align | M95: — | N95: — | O95: G: FR-12, §18
A96: FR-EXC-005 | B96: Exception Management | C96: Review and resolution | D96: The Project / Monitoring Officer shall see an exception queue limited to their scope, filterable by type, site, officer, age and status, showing the measured deviation, the site point and both photographs side by side. | E96: M | F96: 9 Evidence & GPS Validation | G96: Partially met | H96: Pending list with deviation and both photographs side by side. | I96: No filters by type, age or officer; any role with verify permission can review. | J96: Add filters; restrict review to the Project / Monitoring Officer. | K96: WP-05 | L96: =IF(K96="","",INDEX('Remediation Plan'!$B$5:$B$17,MATCH(K96,'Remediation Plan'!$A$5:$A$17,0))) -> Wave 1 — Align | M96: — | N96: — | O96: G: §4, FR-12
A97: FR-EXC-006 | B97: Exception Management | C97: Review and resolution | D97: The reviewer shall resolve an exception as Approved (with a written justification of at least the configured length), Re-capture Required (the task returns to the officer) or Rejected (the installation is void and the item remains at site for action). | E97: M | F97: 9 Evidence & GPS Validation | G97: Partially met | H97: Approve with ≥ 10-character justification; reject returns the item for re-capture (TC-20, 21). | I97: No separate Rejected (void) outcome. | J97: Split Re-capture Required and Rejected. | K97: WP-05 | L97: =IF(K97="","",INDEX('Remediation Plan'!$B$5:$B$17,MATCH(K97,'Remediation Plan'!$A$5:$A$17,0))) -> Wave 1 — Align | M97: TC-20 | N97: TC-20 PASS* | O97: G: Rule 9 · S: FR-IN-10
A98: FR-EXC-007 | B98: Exception Management | C98: Review and resolution | D98: The reviewer may request field verification by the Lighting Supervisor; the supervisor's findings and photographs are recorded on the exception. | E98: S | F98: 9 Evidence & GPS Validation | G98: Met | H98: Reviewer requests field verification; the supervisor records findings and live photographs from the app (NTF-10) (FR-EXC-007 check). Implemented 18-09-2026. | I98: — | J98: — | K98: WP-05 | L98: =IF(K98="","",INDEX('Remediation Plan'!$B$5:$B$17,MATCH(K98,'Remediation Plan'!$A$5:$A$17,0))) -> Wave 1 — Align | M98: — | N98: — | O98: S: FR-IN-10
A99: FR-EXC-008 | B99: Exception Management | C99: Review and resolution | D99: No user shall resolve an exception on a transaction they created. | E99: M | F99: 9 Evidence & GPS Validation | G99: Met | H99: A reviewer cannot resolve their own installation (TC-20). | I99: — | J99: — | L99: =IF(K99="","",INDEX('Remediation Plan'!$B$5:$B$17,MATCH(K99,'Remediation Plan'!$A$5:$A$17,0))) | M99: TC-20 | N99: TC-20 PASS* | O99: G: Rule 9 · S: BR-026
A100: FR-EXC-009 | B100: Exception Management | C100: Review and resolution | D100: When an exception is approved the installation is marked complete and the item status becomes Installed. The justification is stored permanently and appears in the exception report. | E100: M | F100: 9 Evidence & GPS Validation | G100: Met | H100: Approved exception completes the installation; justification stored (TC-21). | I100: — | J100: — | L100: =IF(K100="","",INDEX('Remediation Plan'!$B$5:$B$17,MATCH(K100,'Remediation Plan'!$A$5:$A$17,0))) | M100: TC-21 | N100: TC-21 PASS* | O100: G: Rule 9 · S: BR-017
A101: FR-EXC-010 | B101: Exception Management | C101: Review and resolution | D101: Unresolved exceptions shall age and escalate according to the notification rules. | E101: S | F101: 9 Evidence & GPS Validation | G101: Met | H101: Exceptions age; escalation levels after the configured days with notices to the next level (FR-EXC-010 check). Implemented 18-09-2026. | I101: — | J101: — | K101: WP-10 | L101: =IF(K101="","",INDEX('Remediation Plan'!$B$5:$B$17,MATCH(K101,'Remediation Plan'!$A$5:$A$17,0))) -> Wave 4 — Notify & report | M101: — | N101: — | O101: G: §13
...

Sheet Test Results
A1: Acceptance tests — FRD Section 21 run against the live build
A2: Run 2026-09-18 14:12:13 · API http://172.16.10.184:3001 · tag 09181411
A4: TC | B4: Scenario | C4: Steps (FRD) | D4: Expected (FRD) | E4: Observed in the live run | F4: Result | G4: Note | H4: Requirements | I4: Rules
A5: TC-01 | B5: Receive a PO-referenced article by QR into a bin | C5: Select store and PO; scan 5 labels; choose a Stock bin; post | D5: GRN numbered; items In Store at the bin; PO outstanding reduced by 5; ledger shows 5 receipts | E5: GRN GRN/CEN01/26-27/00006; 5 Received into CEN01-RCV-R0-B0, then put away by scan to CEN01-QA-R1411-B1; PO line received 5.0 of 10.0 | F5: PASS | G5: — | H5: FR-INV-002, FR-INV-007, FR-INV-011 | I5: BR-01, BR-08
A6: TC-02 | B6: Receive without a PO | C6: Open receipt and scan without selecting a PO | D6: Refused — VAL-INV-001 | E6: Posting with no PO: HTTP 404 · None · Purchase order not found | F6: PASS* | G6: Refused, but as “Purchase order not found” rather than a prompt to select a PO | H6: FR-INV-003 | I6: BR-01
A7: TC-03 | B7: Scan a forged label | C7: Scan a payload with a wrong check value | D7: Refused — VAL-INV-003; attempt audited | E7: ok=False · step=BR-002 · Not a SLIMS label — the QR payload or its check value is invalid. | F7: PASS | G7: — | H7: FR-INV-002, FR-MDM-006 | I7: BR-02
A8: TC-04 | B8: Receive the same label twice | C8: Receive a label, then scan it on a new receipt | D8: Refused — VAL-INV-006 | E8: ok=False · Already Received — a label can only be received once. | F8: PASS | G8: — | H8: FR-MDM-006 | I8: BR-11
A9: TC-05 | B9: Receive beyond PO balance | C9: Scan one more label than outstanding; then request and approve an over-receipt exception | D9: First refused — VAL-INV-007; after approval the item is received and the exception is linked to the GRN | E9: Scan beyond balance: Receipt would exceed the PO line quantity (5.000+1.000 > 5.000).. No over-receipt exception function exists. | F9: PARTIAL | G9: The block holds; the approved-exception route is not built (outside the Not-met scope) | H9: FR-INV-004 | I9: BR-13, BR-09
A10: TC-06 | B10: Stock not yet put away is not available | C10: Receive to Receiving; open a requisition for the article | D10: Receiving quantity is not shown as available | E10: Available for requisition: 5.0 (8 received: 5 put away, 3 still in Receiving CEN01-RCV-R0-B0). Approval: reserved | F10: PASS | G10: — | H10: FR-INV-010 | I10: BR-14
A11: TC-07 | B11: Requisition for an unregistered or out-of-scope site | C11: Try to type a site name; try to select another supervisor's site | D11: No free-text field; out-of-scope site not selectable — VAL-REQ-002 | E11: Site ID is an integer reference (no free text). Another supervisor's site: HTTP 409 · BR-008 · Site SITE-C-MALL-0001 is assigned to another supervisor.. Other zone: HTTP 403 · scope · Site SITE-CLAHO-0004 is outside your scope. | F11: PASS | G11: — | H11: FR-REQ-002 | I11: BR-04, BR-18
A12: TC-08 | B12: Submit a requisition with a shortfall | C12: Request more than available; submit | D12: Warning VAL-REQ-004; requisition Submitted; indent recorded; Approving Officer notified | E12: Status Submitted; shortfall 4911.0; indent recorded True; required level 2; NTF-01 delivered to 1 approver(s) | F12: PASS | G12: — | H12: FR-REQ-005, FR-REQ-006, FR-NTF-001 | I12: —
A13: TC-09 | B13: Approve own requisition | C13: As a user with both rights, raise and approve | D13: Refused — VAL-REQ-005 | E13: HTTP 409 · BR-026 · You cannot approve a requisition you raised yourself. | F13: PASS | G13: — | H13: FR-REQ-011 | I13: BR-27
A14: TC-10 | B14: Approve in part | C14: Approve 3 of 5 requested | D14: 3 reserved; Issue Slip numbered; supervisor notified | E14: Status Approved; approved 3.0; 3 labels reserved; Issue Slip ISL/CEN01/26-27/00010; supervisor notified: yes (NTF-02) | F14: PASS | G14: — | H14: FR-REQ-009, FR-REQ-012 | I14: BR-15
A15: TC-11 | B15: Reject a requisition | C15: Reject without reason; then with reason | D15: First refused — VAL-REQ-006; then returned to supervisor with the reason | E15: Without reason: HTTP 400 · None · A reason is required to reject.. With reason: status Rejected; supervisor notified (NTF-03) | F15: PASS | G15: — | H15: FR-REQ-009, FR-REQ-013 | I15: —
... A34: TC-30 | B34: Audit completeness | C34: Perform one action of each type; open the audit trail | D34: Every action shows user, role, time, address and before / after values | E34: 499 QA actions audited; 499 with user, role and address; before-values present on 14 of 160 changes | F34: PARTIAL | G34: Before-values are recorded for moves, adjustments, amendments and master data; not yet for every stock movement | H34: FR-SEC-005, FR-SEC-006 | I34: BR-26
A36: Remediation checks — one per requirement closed on 18-09-2026, and the defect probes
A37: Check | B37: Requirement / defect | C37: Expected | D37: Observed in the live run | E37: Result
A38: DF-01 | B38: Defect fixed: audit trail scope | C38: Probe no longer reproduces the defect | D38: officer sees 64 rows, all their own | E38: PASS
A39: DF-02 | B39: Defect fixed: clock-drift limit | C39: Probe no longer reproduces the defect | D39: phone 30 min off: HTTP 409 · FR-FLD-011 · The phone clock is 30 minutes off server time (limit 5). Switch on automatic date and time. | E39: PASS
A40: DF-03 | B40: Defect fixed: returned item keeps its site | C40: Probe no longer reproduces the defect | D40: returned item carries no site in the store | E40: PASS
A41: DF-04 | B41: Defect fixed: PO line lock after article | C41: Probe no longer reproduces the defect | D41: re-specifying the line: HTTP 409 · FR-MD-05 · Line 1 already has article LUM-LED-090W-POQA09181411-001; its category, specification, description and unit can no longer change. Only quantity and rate can. | E41: PASS
A42: DF-05 | B42: Defect fixed: issue to On-hold site | C42: Probe no longer reproduces the defect | D42: issue to On-hold site: HTTP 409 · BR-007 · Site SITE-CLAHO-0004 is On hold; material cannot be issued to it. | E42: PASS
A43: DF-06 | B43: Defect fixed: cancel ignores scope | C43: Probe no longer reproduces the defect | D43: out-of-scope cancel: HTTP 403 · scope · Site SITE-N-GTRD-0004 is outside your scope. | E43: PASS
A44: FR-EXC-007 | B44: Field verification by the Lighting Supervisor | C44: Reviewer requests; supervisor's findings and photographs recorded on the exception | D44: Request: 200; supervisor notified (NTF-10): yes; task on the supervisor's phone: yes; findings: QA: pole found installed, far end of the junction with 1 photograph(s) | E44: PASS
A45: FR-EXC-010 | B45: Unresolved exceptions age and escalate | C45: Escalation according to the notification rules | D45: After 4 days unresolved: age 4 d, escalation level 1, escalation notices 1 | E45: PASS
A46: FR-EXC-011 | B46: Corrections through an amendment request | C46: Reason, approval by another user, before/after values; original stays visible | D46: Coordinates: HTTP 400 · None · installation.Lat cannot be amended.. Pole ID request AMD/26-27/00001; self-approval HTTP 409 · BR-026 · An amendment must be approved by somebody other than the person who asked for it.; approved by PD Office: pole QA-P7; audit before {"field":"PoleId","value":"QA-P1"} after {"field":"PoleId","value":"QA-P7","amendment":"AMD/26-27/00001"} | E46: PASS
A47: FR-FLD-009 | B47: Original preserved with hash; server-stamped copy | C47: Original photograph unaltered; stamped copy with time, coordinates, accuracy, site, item, officer | D47: Original downloaded byte-for-byte equal to its SHA-256 a6a61e337f6a…: True. Stamped copy: HTTP 200, 475 KB, valid JPEG True. Photograph altered in transit: MissingEvidence, officer told to re-capture (NTF-09) | E47: PASS
A48: FR-FLD-011 | B48: Mock location and clock drift refused and logged | C48: Evidence refused and the attempt logged | D48: Mock location: HTTP 409 · FR-FLD-011 · The phone reported a mock (fake) location. Remove any location-faking app and capture again.. Clock 30 min off: HTTP 409 · FR-FLD-011 · The phone clock is 30 minutes off server time (limit 5). Switch on automatic date and time. | E48: PASS
... A64: FR-SEC-009 | B64: Phone bound to a named user; change of phone re-authorised | C64: Field evidence only from the user's bound phone; a replacement needs approval | D64: Setup required for the officer: True. Before setup test: HTTP 403 · FR-SEC-009 · Finish mobile setup on this phone first (test photograph).. Mock location in setup: refused. Setup: Active. Second phone: AwaitingApproval, submitting from it: HTTP 403 · FR-SEC-009 · This phone is waiting for the administrator to approve it as your new phone.. After approval: Active, old phone session: HTTP 401 | E64: PASS

Sheet Defects
A1: Defects found in the gap analysis — status after remediation
A2: All six were reproduced on 18-09-2026 before the fix; the same probes now run in every acceptance run
A4: ID | B4: Defect | C4: Severity | D4: Fix applied | E4: Probe result in the latest run | F4: Status | G4: Requirements affected | H4: Work package
A5: DF-01 | B5: Every role could read the whole audit trail | C5: High | D5: AuditController: full trail only with the new audit permission; others see their own actions. | E5: officer sees 64 rows, all their own | F5: Fixed | G5: FR-SEC-003, FR-RPT-008 | H5: WP-00
A6: DF-02 | B6: Clock-drift check allowed 65 minutes, not 5 | C6: Medium | D6: Drift measured against the phone clock at synchronisation, at the configured limit. | E6: phone 30 min off: HTTP 409 · FR-FLD-011 · The phone clock is 30 minutes off server time (limit 5). Switch on automatic date and time. | F6: Fixed | G6: FR-FLD-011 | H6: WP-00
A7: DF-03 | B7: A returned item kept its site while in quarantine | C7: Medium | D7: ReturnService clears SiteId on receipt; the return note keeps the site. | E7: returned item carries no site in the store | F7: Fixed | G7: FR-INV-014 | H7: WP-00
A8: DF-04 | B8: A PO line could be re-specified after its article existed | C8: Medium | D8: MasterService refuses changes to category, specification, description and unit once an article exists. | E8: re-specifying the line: HTTP 409 · FR-MD-05 · Line 1 already has article LUM-LED-090W-POQA09181411-001; its category, specification, description and unit can no longer change. Only quantity and rate can. | F8: Fixed | G8: FR-MDM-003, FR-MDM-009 | H8: WP-00
A9: DF-05 | B9: Material could be issued to a site On hold | C9: Medium | D9: IssueService re-checks site and article status at scan and posting. | E9: issue to On-hold site: HTTP 409 · BR-007 · Site SITE-CLAHO-0004 is On hold; material cannot be issued to it. | F9: Fixed | G9: FR-INV-025, FR-MDM-004 | H9: WP-00
A10: DF-06 | B10: Cancelling a requisition ignored data scope | C10: High | D10: RequisitionService.CancelAsync (and DecideAsync) check store and site scope. | E10: out-of-scope cancel: HTTP 403 · scope · Site SITE-N-GTRD-0004 is outside your scope. | F10: Fixed | G10: FR-REQ-007, FR-SEC-003 | H10: WP-00

Sheet Deployment Check
A1: Deployment check — the LAN deployment against the FRD
A2: 18 Sep 2026 · http://172.16.10.184:3001 (office LAN, production build, API on 127.0.0.1:5091)
A4: Ref | B4: FRD requirement | C4: Check performed | D4: Observed on the deployment | E4: Result | F4: Action and owner
A5: §21 TC-01…30 | B5: Acceptance test cases, FRD Section 21 | C5: frd_acceptance.py run through the LAN portal address, as users reach it | D5: First run matched development (14 PASS, 6 PASS*, 5 PARTIAL, 4 NOT BUILT, 1 FAIL; 6 defects). After the 18-09-2026 remediation, rerun on live: 57 checks, 48 PASS, 5 PASS*, 4 PARTIAL (TC-05, TC-27, TC-28, TC-30), 0 NOT BUILT, 0 FAIL; 0 of 6 defects reproduced. | E5: Met | F5: None for the deployment. The 4 partial cases stay on the Gap Register with their follow-up.
A6: FR-SEC-005 | B6: Every action records the client address | C6: Signed in from the LAN address, then read the audit trail | D6: Before the fix every row showed 127.0.0.1: with no IIS / Nginx in front the API only saw the portal. Fixed with deploy/client-ip.cjs, which stamps each request with its own socket address. Retest: LAN sign-in recorded 172.16.10.184; forged X-Real-IP, X-Forwarded-For and Forwarded headers were ignored. | E6: Fixed | F6: Done. The launcher, START-SLIMS.bat, run-web.cmd and the SLIMS-Setup package all load client-ip.cjs.
A7: FR-FLD-008, FR-FLD-010 | B7: GPS latitude, longitude and accuracy captured with each photograph | C7: Asked the browser for a position on the LAN address; then built the SLIMS Field app | D7: A browser refuses GPS on http:// (“Only secure origins are allowed”). Resolved on 18-09-2026 by the SLIMS Field Android app: it reads GPS natively, with Android's mock-location flag, and talks to the LAN server over HTTP, so field capture works without a certificate. | E7: Fixed | F7: Officers install the app from Settings ▸ Mobile Setup. HTTPS is still recommended for transport security (NFR-08).
A8: NFR-08 | B8: TLS 1.2+ for all traffic; refresh cookie never sent without TLS | C8: Inspected the transport and the refresh cookie | D8: Plain HTTP on the LAN; the refresh cookie is httpOnly but not Secure (SecureCookies false, as it must be on HTTP). The release package ships HTTPS proxy configuration and SecureCookies true. | E8: Not met | F8: Same HTTPS step as above, then set SecureCookies true in api\appsettings.Production.json.
A9: NFR-01 | B9: A scan is validated within 2 seconds | C9: 15 QR scans through the LAN portal | D9: Median 17 ms, slowest 40 ms. | E9: Met | F9: Repeat on production data volumes (NFR-11).
A10: NFR-02 | B10: 95 % of screens respond within 3 seconds | C10: 7 pages and 6 data calls, 15 times each | D10: Pages: slowest 32 ms. Data calls: 95th percentile 29–70 ms, slowest 152 ms. | E10: Met | F10: Repeat on production data volumes (NFR-11).
A11: NFR-03 | B11: A year of data reports within 30 seconds | C11: All 15 reports run over 18 Sep 2025 – 18 Sep 2026 | D11: Slowest report (Auto Purchase Indents) 154 ms. | E11: Met | F11: Measured on demonstration data; repeat after data migration.
A12: NFR-11 | B12: ≥ 500,000 labels, ≥ 50,000 sites, ≥ 5 million transactions a year | C12: Not run: needs a generated volume data set | D12: The database holds demonstration data only (80 MB, a few hundred labels). | E12: Not tested | F12: Volume test on a copy of the database before go-live.
A13: NFR-07 | B13: Servers synchronise to a trusted time source | C13: w32tm /query /status on the host | D13: Not synchronised: source is the Local CMOS Clock, last successful sync unspecified. Evidence capture times and the clock-drift check (FR-FLD-011) are measured against this clock. | E13: Not met | F13: IT, as administrator: point Windows Time at the domain controller or time.windows.com and resync.
A14: NFR-09 | B14: 99.5 % availability in operational hours | C14: Checked what restarts SLIMS after a crash or reboot | D14: SLIMS runs as a signed-in user's process. Nothing restarts it after a crash, and nothing starts it after a reboot. PIMRS on the same PC has an auto-start entry; SLIMS has none yet. | E14: Not met | F14: Add start_slims.pyw --watch to Windows Startup (awaiting approval), or install as a service with 3-install-as-service on a server.
A15: NFR-10 | B15: Backup: RPO ≤ 15 minutes, RTO ≤ 4 hours; database and evidence backed up together | C15: Read backup history and recovery model from SQL Server | D15: The Slims database has never been backed up, and its recovery model is SIMPLE, so point-in-time recovery (needed for a 15-minute RPO) is impossible. The evidence uploads folder has no backup either. | E15: Not met | F15: Switch Slims to FULL recovery; schedule a nightly full backup, log backups every 15 minutes and an uploads copy; test a restore.
... A20: Portability | B20: Install on another PC or server | C20: SLIMS-Setup run against an empty database on spare ports | D20: Database created and seeded in 4 seconds; first sysadmin sign-in set the password; the bundled node.exe served all pages and assets and proxied the API. Test database removed afterwards. | E20: Met | F20: None.

Sheet Rules & Reports
A1: Business rules, reports and notifications
A2: Coverage of FRD Sections 10, 14 and 15.1
A4: Business rules (FRD Section 10)
A5: Rule | B5: Statement | C5: Status | D5: Evidence
A6: BR-01 | B6: No PO / reference → no standard receipt. | C6: Met | D6: Posting without a PO refused (TC-02).
A7: BR-02 | B7: No valid item / QR → no controlled stock movement. | C7: Met | D7: Forged / unregistered labels refused (TC-03).
A8: BR-03 | B8: No approved requisition → no issue to site. | C8: Met | D8: Issue refused before approval (TC-12).
A9: BR-04 | B9: An issue must identify a registered Site ID. | C9: Met | D9: Requisition needs a registered site ID (TC-07).
A10: BR-05 | B10: Installation requires before and after evidence. | C10: Met | D10: Refused without AFTER photo (TC-16).
A11: BR-06 | B11: A GPS mismatch creates an exception; it never completes an installation. | C11: Met | D11: Mismatch held for review (TC-19).
A12: BR-07 | B12: An out-of-order return requires a QR scan and a condition / reason. | C12: Met | D12: Reason codes and consignment condition recorded at receipt.
A13: BR-08 | B13: Every stock movement updates the item ledger. | C13: Met | D13: Quantity ledger (StockMovement) with reconciliation.
A14: BR-09 | B14: Every exception or override requires authorised review and an audit trail. | C14: Partially met | D14: Exceptions, disposal, adjustments and amendments need approval; over-receipt exception route still missing.
A15: BR-10 | B15: A site must exist in the system before material is issued to it. | C15: Met | D15: Site must exist before requisition and issue.
A16: BR-11 | B16: A QR identifier is unique system-wide and never reused. | C16: Met | D16: Unique, never reused (TC-04).
... A38: BR-33 | B38: Removed items must reach a store within the configured return period. | C38: Met | D38: Escalation of work not actioned.
A40: Report catalogue (FRD Section 15.1)
A41: Report | B41: Name | C41: Status | D41: Current build
A42: RPT-01 | B42: PO receipt register | C42: Met | D42: Report “Goods Receipt / Inward Register”.
A43: RPT-02 | B43: Discrepancy & over-receipt register | C43: Partially met | D43: Discrepancies only; no over-receipt exceptions.
A44: RPT-03 | B44: Stock position | C44: Partially met | D44: Stock screen; no export.
A45: RPT-04 | B45: Stock reconciliation | C45: Met | D45: Stock Reconciliation report (TC-29).
A46: RPT-05 | B46: Requisition status & turnaround | C46: Met | D46: Requisition status with turnaround hours.
A47: RPT-06 | B47: Issue register & gate passes | C47: Met | D47: Issue register with gate passes and acknowledgement.
A48: RPT-07 | B48: Site installation report | C48: Met | D48: Installation activity report.
A49: RPT-08 | B49: GPS validation report | C49: Met | D49: Distance, allowed limit, accuracy and status in the installation report.
A50: RPT-09 | B50: Evidence register | C50: Met | D50: Evidence Register with SHA-256, capture and sync time, device.
A51: RPT-10 | B51: Exception register & ageing | C51: Met | D51: Exception report with age, escalation level and field verification.
A52: RPT-11 | B52: Out-of-order & return report | C52: Met | D52: Out-of-order and return report.
... A61: RPT-20 | B61: Audit trail extract | C61: Partially met | D61: Audit screen scoped (DF-01 fixed); no export.
A63: Notifications (FRD Section 14)
A64: ID | B64: Event → recipients | C64: Status | D64: Current build
A65: NTF-01 | B65: Requisition submitted → Approving Officer | C65: Met | D65: Sent by NotificationService; e-mail / SMS copies where configured
A66: NTF-02 | B66: Requisition approved → Lighting Supervisor; issuing Store / Warehouse Officer | C66: Met | D66: Sent by NotificationService; e-mail / SMS copies where configured
A67: NTF-03 | B67: Requisition rejected → Lighting Supervisor | C67: Met | D67: Sent by NotificationService; e-mail / SMS copies where configured
A68: NTF-04 | B68: Reservation lapsing in 1 day / lapsed → Lighting Supervisor; Store / Warehouse Officer | C68: Met | D68: Sent by NotificationService; e-mail / SMS copies where configured
A69: NTF-05 | B69: Issue completed (gate pass) → Lighting Supervisor; Lighting Officer of the site | C69: Met | D69: Sent by NotificationService; e-mail / SMS copies where configured
A70: NTF-06 | B70: Issue not acknowledged → Lighting Officer; Lighting Supervisor | C70: Met | D70: Sent by NotificationService; e-mail / SMS copies where configured
A71: NTF-07 | B71: Installation pending — issued but not installed → Lighting Officer; Lighting Supervisor | C71: Met | D71: Sent by NotificationService; e-mail / SMS copies where configured
A72: NTF-08 | B72: GPS exception raised → Project / Monitoring Officer; copy Lighting Supervisor | C72: Met | D72: Sent by NotificationService; e-mail / SMS copies where configured
A73: NTF-09 | B73: Missing evidence / re-capture required → Lighting Officer | C73: Met | D73: Sent by NotificationService; e-mail / SMS copies where configured
A74: NTF-10 | B74: Field verification requested → Lighting Supervisor | C74: Met | D74: Sent by NotificationService; e-mail / SMS copies where configured
A75: NTF-11 | B75: Out-of-order return reported → Store / Warehouse Officer of the receiving store | C75: Met | D75: Sent by NotificationService; e-mail / SMS copies where configured
... A81: NTF-17 | B81: Unresolved site installations (site with issued material and no installation for 14 days) → Project / Monitoring Officer | C81: Met | D81: Sent by NotificationService; e-mail / SMS copies where configured

Sheet Remediation Plan
A1: Remediation plan — work packages in waves
A2: Est. person-days come from the size table on the Legend sheet; ‘Open requirements addressed’ counts Gap Register rows not yet Met that the package addresses
A4: WP | B4: Wave | C4: Work package | D4: Scope | E4: Size | F4: Est. person-days | G4: Open requirements addressed | H4: Depends on | I4: Items covered
A5: WP-00 | B5: Wave 0 — Fix now | C5: Defect fixes | D5: DF-01 audit scope, DF-02 clock check, DF-03 return clears site, DF-04 lock PO lines with articles, DF-05 re-check site and article status at issue, DF-06 scope on cancel | E5: M | F5: =INDEX(Legend!$B$29:$B$32,MATCH(E5,Legend!$A$29:$A$32,0)) -> 5 | G5: =COUNTIFS('Gap Register'!$K$5:$K$126,A5,'Gap Register'!$G$5:$G$126,"<>Met") -> 5 | H5: — | I5: DF-01, DF-02, DF-03, DF-04, DF-05, DF-06; FR-MDM-003, FR-MDM-004, FR-MDM-009, FR-INV-014, FR-INV-025, FR-REQ-007, FR-SEC-003
A6: WP-01 | B6: Wave 1 — Align | C6: Role model & approval matrix | D6: Approving Officer, Project / Monitoring Officer, Management roles; value-band approval with escalation; reason-code lists; role administration | E6: L | F6: =INDEX(Legend!$B$29:$B$32,MATCH(E6,Legend!$A$29:$A$32,0)) -> 10 | G6: =COUNTIFS('Gap Register'!$K$5:$K$126,A6,'Gap Register'!$G$5:$G$126,"<>Met") -> 4 | H6: D-02, D-03 | I6: FR-MDM-019, FR-REQ-005, FR-REQ-010, FR-SEC-002, FR-SEC-008
A7: WP-02 | B7: Wave 1 — Align | C7: Store locations & put-away | D7: Store → Rack → Shelf → Bin; Receiving and Repair location types; scan put-away; bin moves | E7: L | F7: =INDEX(Legend!$B$29:$B$32,MATCH(E7,Legend!$A$29:$A$32,0)) -> 10 | G7: =COUNTIFS('Gap Register'!$K$5:$K$126,A7,'Gap Register'!$G$5:$G$126,"<>Met") -> 3 | H7: D-01 | I7: FR-MDM-012, FR-MDM-013, FR-INV-010, FR-INV-011, FR-INV-012
A8: WP-03 | B8: Wave 1 — Align | C8: Receipt controls | D8: Condition and per-item rejection; automatic discrepancy notes; over-receipt exception; re-print reason; VAL-INV-001 message | E8: M | F8: =INDEX(Legend!$B$29:$B$32,MATCH(E8,Legend!$A$29:$A$32,0)) -> 5 | G8: =COUNTIFS('Gap Register'!$K$5:$K$126,A8,'Gap Register'!$G$5:$G$126,"<>Met") -> 3 | H8: D-04; WP-01 | I8: FR-MDM-008, FR-INV-003, FR-INV-004, FR-INV-005, FR-INV-006
A9: WP-04 | B9: Wave 1 — Align | C9: Requisition completion | D9: Priority and justification; draft editing; revise and resubmit; reservation lapse | E9: M | F9: =INDEX(Legend!$B$29:$B$32,MATCH(E9,Legend!$A$29:$A$32,0)) -> 5 | G9: =COUNTIFS('Gap Register'!$K$5:$K$126,A9,'Gap Register'!$G$5:$G$126,"<>Met") -> 3 | H9: D-10 | I9: FR-REQ-001, FR-REQ-004, FR-REQ-013, FR-REQ-014
A10: WP-05 | B10: Wave 1 — Align | C10: Evidence validation & exception model | D10: Both-photo validation; Valid / Location Exception / Missing Evidence with review status; Rejected outcome; field verification; unified queue with filters | E10: L | F10: =INDEX(Legend!$B$29:$B$32,MATCH(E10,Legend!$A$29:$A$32,0)) -> 10 | G10: =COUNTIFS('Gap Register'!$K$5:$K$126,A10,'Gap Register'!$G$5:$G$126,"<>Met") -> 6 | H10: D-02; WP-01 | I10: FR-FLD-004, FR-EXC-001, FR-EXC-002, FR-EXC-004, FR-EXC-005, FR-EXC-006, FR-EXC-007
A11: WP-06 | B11: Wave 1 — Align | C11: Returns completion | D11: Usable route; condition and photos on report; history on receipt; replaced-item field | E11: M | F11: =INDEX(Legend!$B$29:$B$32,MATCH(E11,Legend!$A$29:$A$32,0)) -> 5 | G11: =COUNTIFS('Gap Register'!$K$5:$K$126,A11,'Gap Register'!$G$5:$G$126,"<>Met") -> 4 | H11: D-06 | I11: FR-INV-030, FR-INV-031, FR-INV-032, FR-INV-033, FR-INV-039
A12: WP-07 | B12: Wave 2 — Field app | C12: Native / offline field application | D12: Offline queue and sync; client transaction IDs on every posting; live-only capture; camera QR scan; mock-location detection; device binding; installed quantity | E12: XL | F12: =INDEX(Legend!$B$29:$B$32,MATCH(E12,Legend!$A$29:$A$32,0)) -> 20 | G12: =COUNTIFS('Gap Register'!$K$5:$K$126,A12,'Gap Register'!$G$5:$G$126,"<>Met") -> 5 | H12: D-07 | I12: FR-FLD-002, FR-FLD-003, FR-FLD-007, FR-FLD-008, FR-FLD-011, FR-FLD-012, FR-FLD-013, FR-SEC-007, FR-SEC-009
A13: WP-08 | B13: Wave 2 — Field app | C13: Evidence integrity | D13: Original photo with SHA-256; server-generated stamped copy; Missing Evidence on hash mismatch | E13: M | F13: =INDEX(Legend!$B$29:$B$32,MATCH(E13,Legend!$A$29:$A$32,0)) -> 5 | G13: =COUNTIFS('Gap Register'!$K$5:$K$126,A13,'Gap Register'!$G$5:$G$126,"<>Met") -> 0 | H13: WP-07 | I13: FR-FLD-009
A14: WP-09 | B14: Wave 3 — Stock control | C14: Stock ledger & controls | D14: Quantity ledger; transfers; adjustments with approval; physical verification; reconciliation report; amendment requests | E14: XL | F14: =INDEX(Legend!$B$29:$B$32,MATCH(E14,Legend!$A$29:$A$32,0)) -> 20 | G14: =COUNTIFS('Gap Register'!$K$5:$K$126,A14,'Gap Register'!$G$5:$G$126,"<>Met") -> 2 | H14: WP-02 | I14: FR-INV-013, FR-INV-015, FR-INV-016, FR-INV-019, FR-INV-020, FR-INV-021, FR-EXC-011
A15: WP-10 | B15: Wave 4 — Notify & report | C15: Notifications & alerts | D15: Engine for NTF-01…17; SMS / e-mail gateway; alerts; escalation | E15: L | F15: =INDEX(Legend!$B$29:$B$32,MATCH(E15,Legend!$A$29:$A$32,0)) -> 10 | G15: =COUNTIFS('Gap Register'!$K$5:$K$126,A15,'Gap Register'!$G$5:$G$126,"<>Met") -> 2 | H15: WP-01 | I15: FR-INV-018, FR-INV-038, FR-EXC-010, FR-NTF-001, FR-NTF-002, FR-NTF-003, FR-NTF-004, FR-NTF-005
A16: WP-11 | B16: Wave 4 — Notify & report | C16: Reporting completion | D16: Missing reports; common filters; drill-down; dashboard widgets; Excel / PDF export; trace screen; map; scheduling | E16: L | F16: =INDEX(Legend!$B$29:$B$32,MATCH(E16,Legend!$A$29:$A$32,0)) -> 10 | G16: =COUNTIFS('Gap Register'!$K$5:$K$126,A16,'Gap Register'!$G$5:$G$126,"<>Met") -> 5 | H16: WP-09 | I16: FR-INV-036, FR-RPT-002, FR-RPT-003, FR-RPT-004, FR-RPT-005, FR-RPT-006, FR-RPT-007, FR-RPT-009, FR-RPT-010
A17: WP-12 | B17: Wave 1 — Align | C17: Security & configuration hardening | D17: Idle time-out; before-values and refused attempts in audit; scope on all lists; per-site tolerance; justification-length parameter; site file upload; division / ward scope; site-coordinate approval | E17: M | F17: =INDEX(Legend!$B$29:$B$32,MATCH(E17,Legend!$A$29:$A$32,0)) -> 5 | G17: =COUNTIFS('Gap Register'!$K$5:$K$126,A17,'Gap Register'!$G$5:$G$126,"<>Met") -> 8 | H17: WP-01 | I17: FR-MDM-015, FR-MDM-016, FR-MDM-017, FR-MDM-018, FR-MDM-020, FR-RPT-008, FR-SEC-004, FR-SEC-005
C18: Total | F18: =SUM(F5:F17) -> 120 | G18: =SUM(G5:G17) -> 50

Sheet Legend
A1: Method, legend and planning assumptions
A2: How each rating was reached, and the inputs the workbook's formulas use
A4: Method
A5: 1. Static review of the SLIMS reference build (backend/src, frontend) against each of the 122 requirements of FRD-GSL-001 v1.0; each rating cites the file that implements the behaviour.
A6: 2. Live acceptance run: backend/frd_acceptance.py executed the 30 test cases of FRD Section 21 against the running build at http://172.16.10.184:3001 on 2026-09-18 14:12:13 (run tag 09181411). Results are on the Test Results sheet.
A7: 3. Suspected defects were reproduced by probes in the same run; only reproduced defects are listed on the Defects sheet.
A8: 4. The acceptance run used its own qa-* accounts (deactivated afterwards), a QA site and a QA purchase order. It wrote those transactions to the Slims database, which development and the LAN deployment share; no existing user's password was changed.
A9: 7. Remediation 18-09-2026: the 26 requirements that were Not met were implemented and the six defects fixed; the acceptance run above repeats every original test case and adds one check per remediated requirement (Test Results, second table).
A10: 6. Deployment check (18 Sep 2026): the LAN deployment was measured against the FRD's security and non-functional requirements - response times, transport, time source, availability, backup and network access. Results are on the Deployment Check sheet.
A11: 5. To refresh after fixes: run python backend/frd_acceptance.py and update the Status column on the Gap Register — the Summary recalculates.
A13: Requirement status
A14: Status | B14: Meaning
A15: Met | B15: The build does what the requirement says; evidence cited.
A16: Partially met | B16: Some of the behaviour exists; the Gap column says what is missing.
A17: Not met | B17: The function does not exist in the build.
A19: Acceptance test result
A20: Result | B20: Meaning
A21: PASS | B21: Behaves as the FRD expects.
A22: PASS* | B22: The control holds, but the status value or message differs from the FRD.
A23: PARTIAL | B23: Part of the expected behaviour is present.
A24: NOT BUILT | B24: The function does not exist.
A25: FAIL | B25: The system allows something the FRD forbids.
A27: Planning inputs (edit the yellow cells)
A28: Size | B28: Person-days | C28: Meaning
A29: S | B29: 2 | C29: Up to 2 person-days
A30: M | B30: 5 | C30: 3–5 person-days
A31: L | B31: 10 | C31: 6–10 person-days
A32: XL | B32: 20 | C32: 11–20 person-days
A34: Weight of a Partially met requirement in readiness | B34: 0.5 | C34: Readiness = (Met + weight × Partially met) ÷ total. Assumption: a partial requirement counts as half done.
